"build_time_min","deploy_time_min","commit_size_loc","num_bugs","test_coverage_pct","ticket_resolution_h","team","module","priority","deploy_status"
17.84,6.73,203,1,83.66,45.19,"Beta","api","alta","success"
7.81,7.96,198,6,57.41,13.79,"Delta","ui","media","success"
10.48,2.67,223,2,70.35,26.64,"Delta","auth","media","success"
5.85,8.96,256,2,62.82,24.87,"Gamma","notifications","crítica","success"
9.76,2.79,196,1,69.94,5.79,"Delta","ui","alta","success"
7.45,2.45,241,0,73.88,5.25,"Alpha","api","baja","rolled_back"
22.24,3.9,231,0,82.15,9.02,"Alpha","api","baja","success"
9.96,5.87,240,1,83.13,7.76,"Beta","auth","media","success"
5.91,5.07,219,2,80.31,42.48,"Gamma","auth","alta","success"
4.96,11.52,224,2,NA,49.76,"Gamma","notifications","baja","success"
17.48,15.9,240,2,83.42,10.41,"Gamma","api","alta","success"
15.42,14.04,210,1,63.15,64.43,"Delta","api","media","success"
14.86,1.42,232,0,82.9,30.84,"Alpha","api","media","success"
12.65,1.68,225,1,64.25,2.39,"Gamma","database","baja","success"
15.35,5.18,200,0,51.3,27.24,"Gamma","ui","crítica","success"
6.85,4.97,204,1,82.96,27.82,"Beta","auth","crítica","success"
8.87,1.34,210,2,60.1,5.02,"Delta","ui","media","success"
21.64,NA,204,0,91.15,18.78,"Alpha","ui","crítica","failed"
20.17,8.35,228,2,49.06,41.33,"Gamma","payments","baja","success"
12.01,5.87,246,2,75.38,1.65,"Delta","api","crítica","success"
11.72,7.07,221,1,77.63,0.79,"Delta","database","alta","success"
8.5,4.71,232,0,78.08,24.16,"Alpha","api","media","success"
3.95,2.75,225,1,82.24,14.2,"Alpha","auth","media","success"
6.37,5.62,215,1,58.92,32.57,"Alpha","notifications","media","success"
12.51,NA,226,5,73.07,12.57,"Alpha","auth","baja","failed"
13.86,6.64,227,1,76.86,16.37,"Beta","payments","baja","success"
15.76,5.44,243,2,82.7,25.09,"Delta","api","media","success"
7.63,NA,241,1,72.51,NA,"Gamma","database","baja","failed"
7.27,2.51,204,NA,75.78,26.74,"Beta","api","media","rolled_back"
6.97,12.51,205,1,52.12,7.43,"Beta","ui","baja","success"
13.18,NA,208,0,88.11,37.76,"Alpha","database","alta","failed"
8.83,10.93,238,2,86.1,20.38,"Alpha","api","crítica","success"
11.24,9.3,198,1,89.88,53.88,"Beta","notifications","baja","success"
8.64,3.97,222,2,94.71,5.8,"Beta","auth","baja","success"
11.02,3.28,217,2,64.15,24.99,"Delta","api","baja","success"
5.1,3.89,184,0,79.49,5.66,"Delta","api","alta","success"
12.39,4.77,240,1,86.7,37.26,"Beta","notifications","baja","success"
6.87,7.21,205,4,87.56,25.69,"Delta","auth","alta","success"
13.42,4.13,229,1,39.09,18.7,"Beta","api","media","success"
10.43,5.67,226,2,87.51,9.4,"Gamma","auth","media","success"
11.73,1.96,226,1,83.9,22.66,"Gamma","api","media","rolled_back"
6.98,6.33,232,2,93.27,0.69,"Delta","notifications","alta","success"
19.17,NA,239,2,78.77,NA,"Alpha","api","crítica","failed"
13.52,3.43,230,0,83.33,14.07,"Gamma","database","crítica","success"
10.67,5.21,220,1,87.54,26.96,"Gamma","database","baja","success"
11.59,5.82,206,1,40.4,14.9,"Delta","api","media","success"
13.72,13.51,234,0,87.45,24.92,"Gamma","ui","media","success"
10.68,3.98,239,3,67,11.45,"Alpha","notifications","media","success"
15.02,NA,204,1,94.34,16.7,"Delta","ui","baja","failed"
9.23,1.82,223,3,84.58,6.69,"Beta","auth","media","success"
13.18,2.9,229,1,69.19,22.1,"Alpha","payments","baja","success"
18.02,5.99,227,1,91.5,8.35,"Gamma","payments","baja","success"
7.18,2.77,233,3,51.64,83.11,"Alpha","api","alta","success"
11.52,3.65,230,1,85.63,49.9,"Delta","database","crítica","success"
18.89,6.41,245,0,80.27,18.31,"Delta","api","baja","success"
11.22,4.37,248,0,67.63,61.83,"Gamma","api","media","success"
5.52,2.1,208,2,68.38,13.8,"Delta","ui","media","success"
6.05,2.05,216,3,86.64,53.6,"Gamma","auth","baja","success"
14.22,2.23,216,0,72.91,47.04,"Delta","notifications","media","success"
14.99,5.02,200,3,55.05,63.85,"Gamma","api","media","success"
19.3,NA,218,0,90.32,68.56,"Gamma","ui","alta","failed"
6.06,8.93,220,0,68.75,2.25,"Gamma","database","media","success"
14.21,7.85,217,3,74.06,46.24,"Delta","ui","media","success"
12.55,3.87,242,1,84.4,32.06,"Beta","auth","media","success"
6.6,16.1,220,1,89.23,22.54,"Gamma","api","alta","success"
12.58,7.04,210,1,77.76,NA,"Beta","ui","baja","rolled_back"
10.85,4.17,225,2,66.52,13.76,"Beta","api","media","success"
6.72,11.24,234,1,56.98,11.3,"Gamma","api","media","success"
9.69,8.83,220,2,71.49,69.96,"Alpha","auth","media","success"
6.57,2.65,220,3,70.23,7.86,"Alpha","api","media","success"
9.26,2.31,227,3,89.85,30.57,"Beta","payments","crítica","success"
5.87,4.59,222,NA,88.85,12.34,"Delta","auth","baja","rolled_back"
14.52,2.94,194,3,82.98,26.39,"Gamma","database","baja","success"
17.97,9.45,196,0,80.08,8.21,"Delta","database","media","success"
8.16,1.66,223,1,93.01,42.67,"Alpha","notifications","media","success"
13.64,8.95,213,4,79.05,73.08,"Alpha","api","media","success"
14.49,17.24,218,1,78.29,16.9,"Gamma","database","baja","success"
7.83,5.26,214,1,75.46,20.88,"Alpha","api","alta","success"
5.76,NA,228,2,77.2,19.04,"Alpha","auth","baja","failed"
23.95,NA,239,2,79.84,55.64,"Delta","notifications","alta","failed"
16.77,NA,211,1,69.14,70.65,"Delta","ui","baja","failed"
15.82,7.17,203,1,52.66,11.67,"Beta","api","media","success"
6.19,6.78,218,1,87.73,3.32,"Gamma","auth","baja","success"
10.07,2.34,205,2,88.26,72.72,"Beta","api","baja","success"
10.75,2.44,241,1,76.94,43.27,"Gamma","payments","alta","success"
8.39,6.64,208,NA,94.63,7.17,"Delta","api","baja","rolled_back"
15.49,8.26,230,1,84.96,5.39,"Beta","payments","baja","success"
8.58,2.7,221,1,71.57,18.87,"Beta","api","media","success"
10.13,2.58,205,2,91.35,2.46,"Beta","api","baja","success"
20.47,10.41,214,0,75.52,85.72,"Gamma","ui","media","success"
15.07,6.68,227,1,71.45,30.59,"Delta","api","baja","success"
6.57,6.76,221,0,83.41,24.07,"Alpha","ui","media","success"
8.55,5.59,230,3,86.3,46.83,"Alpha","ui","alta","success"
3.17,NA,204,2,NA,4.17,"Alpha","payments","alta","failed"
5.04,9.4,216,0,48.57,5.81,"Beta","database","baja","success"
9.35,10.78,225,0,89.53,60.34,"Beta","api","media","success"
4.72,5.53,223,0,80.05,5.83,"Delta","auth","crítica","success"
10.04,1.68,197,2,70.95,9.9,"Alpha","ui","crítica","success"
10.24,5.36,209,2,70,48.73,"Beta","api","baja","success"
6.61,NA,201,2,67.76,5.62,"Alpha","api","media","failed"
20.51,2,221,1,90.19,61.83,"Beta","api","media","success"
11.72,NA,231,4,67.24,55.82,"Beta","ui","media","failed"
5.67,6.76,224,1,72.06,44.65,"Beta","notifications","media","success"
10.25,4.28,219,2,91.44,78.77,"Delta","api","baja","success"
16.29,6.83,212,0,75.4,24.12,"Gamma","database","media","success"
18.28,7.41,236,2,87.13,29.35,"Beta","payments","baja","success"
5.87,7.68,197,1,65.48,2.72,"Delta","database","media","success"
5.86,7.53,233,0,75.62,1.84,"Alpha","database","media","success"
8.19,3.64,214,1,88.31,17.47,"Delta","notifications","alta","success"
8.74,10.9,237,3,81.85,9.67,"Beta","api","alta","success"
6.59,4.3,227,0,83.35,0.74,"Delta","api","baja","success"
18.18,4.34,216,2,65.12,7.12,"Beta","api","baja","success"
8.34,1.97,197,2,76.74,39.85,"Beta","ui","media","success"
11.51,4.9,210,2,69.99,6.52,"Gamma","ui","media","success"
3.75,4.78,243,0,85.33,13.98,"Delta","api","baja","success"
4.5,9.61,208,3,73.85,38.67,"Delta","ui","baja","success"
18.54,2.58,206,1,59.28,6.33,"Beta","auth","media","success"
6.2,7.05,216,0,59.25,35.01,"Beta","ui","media","success"
5.42,6.13,224,1,97.24,22.54,"Beta","auth","alta","success"
5.16,3.18,258,2,92.05,0.95,"Beta","notifications","baja","success"
7.93,NA,221,3,80.77,66.92,"Alpha","ui","baja","failed"
24.75,4.79,233,2,90.63,27.29,"Alpha","api","baja","success"
9.03,NA,208,0,90.91,29.29,"Gamma","ui","baja","failed"
11.03,NA,215,0,75.38,45.07,"Delta","database","baja","failed"
8.64,NA,226,1,84,10.62,"Alpha","notifications","baja","failed"
13.7,5.64,208,0,78.54,38.55,"Alpha","ui","baja","success"
17.19,2.5,219,3,97.99,24.17,"Alpha","api","baja","success"
10.65,13.24,225,0,60.86,26.25,"Beta","api","baja","success"
14.94,2.83,249,1,58.58,0.88,"Beta","auth","media","success"
9.21,5.44,206,1,93.11,38.31,"Alpha","api","baja","success"
8.65,11.96,208,2,74.44,82.39,"Beta","api","media","rolled_back"
19.94,2.94,208,0,68.87,4.28,"Gamma","payments","crítica","success"
14.76,3.68,206,1,74.38,2.84,"Gamma","auth","media","success"
9.56,6.3,225,0,90.77,34.23,"Beta","auth","baja","success"
6.28,4.19,217,0,98.21,3.67,"Delta","notifications","media","success"
12.66,7.08,193,4,88.98,45.12,"Gamma","database","media","success"
10.22,NA,218,0,63.84,45.73,"Alpha","api","baja","failed"
12.18,2.97,229,1,85.19,2.45,"Gamma","payments","media","success"
22.48,4.65,207,2,85.8,58.19,"Gamma","database","crítica","success"
11.25,NA,202,0,74.85,0.78,"Gamma","api","baja","failed"
18.28,6.44,239,1,82.55,15.7,"Alpha","ui","alta","success"
7.83,6.87,228,4,63.99,52.87,"Alpha","database","baja","success"
13.83,3.91,226,0,52.98,19.46,"Alpha","api","baja","success"
13.03,12.84,228,0,71.8,37.06,"Alpha","database","alta","success"
6.78,13.06,232,0,76.76,15.04,"Gamma","auth","alta","success"
15.28,4.42,211,0,82.68,14.16,"Alpha","payments","baja","success"
9.9,4.76,234,2,63.13,1.66,"Delta","ui","media","success"
11.47,1.39,228,0,75.52,7.68,"Beta","ui","media","success"
5.24,8.05,219,1,84.91,35.6,"Alpha","notifications","media","success"
5.03,5.32,225,1,83.8,3.99,"Beta","notifications","baja","success"
12.24,5.24,221,1,76.18,23.23,"Alpha","auth","crítica","success"
13.21,2.39,226,0,64.2,22.01,"Delta","notifications","baja","success"
20.8,7.57,205,0,82.59,14.97,"Beta","notifications","media","success"
10.86,12.87,192,3,64.69,32.53,"Delta","notifications","media","success"
3.39,7.52,210,0,80.46,24.57,"Gamma","auth","media","success"
9.32,4.76,216,1,74.85,13.82,"Gamma","ui","alta","success"
22.53,9.03,226,3,57.96,34.32,"Alpha","ui","media","success"
18.6,1.95,211,NA,68.72,NA,"Beta","ui","crítica","rolled_back"
13.22,6.66,201,0,82.48,31.32,"Alpha","notifications","baja","success"
6.11,2.77,219,1,76.67,35.84,"Gamma","api","alta","success"
9.4,5.01,236,0,74.06,9.61,"Gamma","ui","crítica","success"
10.05,8.03,250,0,70.72,101.31,"Gamma","api","baja","success"
10.76,7.32,230,1,76.65,48.87,"Delta","auth","baja","success"
9.86,11.42,221,1,84.92,21.25,"Beta","api","alta","success"
10.42,11.4,235,0,55.39,1.26,"Beta","auth","baja","success"
10.79,2.68,218,1,58.45,28.32,"Alpha","api","baja","success"
10.71,10.04,234,1,82.79,1.57,"Gamma","ui","media","success"
5.28,7.21,238,0,80.22,14.48,"Beta","payments","alta","success"
18.11,3.36,216,0,56.43,4.95,"Beta","api","media","success"
15.9,6.79,231,1,69.06,2.38,"Delta","api","media","success"
9.85,4.05,226,1,67.94,0.87,"Gamma","notifications","media","success"
12.37,4.26,212,3,68.03,31.93,"Beta","database","crítica","success"
9.46,6.83,215,1,85.4,5.55,"Alpha","api","alta","success"
12.28,9.97,216,0,88.73,72.48,"Alpha","api","baja","success"
8.05,6.51,238,4,84.12,120.95,"Alpha","payments","baja","success"
17.07,5.64,199,1,46.73,6.09,"Delta","ui","baja","success"
9.03,15.37,237,0,75.79,23.31,"Alpha","ui","media","success"
4.77,8.24,221,3,86.15,1.88,"Gamma","api","media","success"
8.21,7.45,227,2,88.94,31.27,"Gamma","auth","media","success"
16.09,NA,237,1,74.39,NA,"Delta","api","media","failed"
12.69,4.63,232,4,61.27,12.41,"Beta","payments","baja","success"
14.35,2.15,221,2,90.11,15.39,"Alpha","auth","baja","success"
11.18,5.29,224,1,74.74,30.13,"Beta","auth","baja","success"
5.81,NA,219,0,61.88,26.09,"Gamma","notifications","baja","failed"
17.07,2.26,201,1,66.82,46.91,"Delta","api","alta","success"
4.98,NA,196,3,98.64,37.72,"Gamma","auth","alta","failed"
10.07,5.26,227,2,66,34.02,"Beta","api","media","success"
10.13,4.81,233,NA,62.4,2.92,"Beta","ui","alta","rolled_back"
8.03,6,225,2,73.37,25.69,"Delta","api","media","success"
5.87,NA,215,1,91.96,NA,"Delta","database","baja","failed"
14.86,5.1,217,0,60.95,24.24,"Alpha","api","baja","success"
17.04,10.82,238,1,34.59,9.16,"Alpha","database","baja","success"
6.02,4.94,225,2,59.55,15.23,"Beta","notifications","alta","success"
6.08,5.18,228,3,76.78,15.62,"Gamma","notifications","alta","success"
8.03,7.32,239,NA,75.74,NA,"Beta","api","alta","rolled_back"
6.14,NA,209,0,85.58,NA,"Gamma","payments","media","failed"
11.2,13.2,251,0,83.22,32.98,"Gamma","ui","alta","success"
18.68,NA,200,3,52.29,35.09,"Delta","api","baja","failed"
5.73,6.92,224,1,84.28,15.35,"Delta","api","alta","success"
3.73,3.72,214,1,69.96,5.44,"Gamma","database","media","success"
7.58,NA,218,1,93.36,NA,"Gamma","api","alta","failed"
14.47,2.5,212,1,88.78,29.44,"Gamma","notifications","baja","success"
9.38,8.12,227,0,77.08,52.65,"Gamma","api","baja","success"
10.62,3.74,175,1,59.38,11.88,"Beta","ui","baja","success"
6.93,NA,221,1,74.29,NA,"Alpha","notifications","media","failed"
10.47,5.14,224,0,92.99,5.5,"Alpha","notifications","baja","success"
11,NA,262,1,87.31,NA,"Beta","payments","alta","failed"
12.38,4.54,215,0,NA,21.33,"Gamma","notifications","baja","success"
8.49,NA,226,0,82.25,61.18,"Delta","payments","media","failed"
6.75,7.64,226,3,50.95,NA,"Gamma","api","alta","rolled_back"
5.4,NA,224,2,90.69,39.01,"Alpha","database","media","failed"
7.7,4.23,206,0,61.68,28.74,"Alpha","ui","media","success"
14.53,7.24,214,2,70.26,52.81,"Alpha","notifications","media","success"
4.2,NA,232,0,94.04,NA,"Alpha","ui","media","failed"
8.53,4.91,212,1,74.19,13.47,"Beta","api","baja","success"
10.46,6.85,209,0,80.96,44.07,"Gamma","auth","baja","success"
11.95,4.26,243,0,74.26,71.21,"Beta","database","alta","success"
25.53,7.23,217,1,87.4,39.62,"Gamma","ui","media","success"
6.84,4.78,216,1,78.99,2.22,"Delta","database","alta","success"
3.55,10.39,240,NA,84.38,48.88,"Alpha","ui","media","rolled_back"
7.33,9.23,193,4,70.65,7.98,"Alpha","ui","baja","success"
12.08,6.67,213,0,88.94,9.87,"Beta","api","media","success"
10.02,4.36,216,1,87.55,69.06,"Delta","ui","media","success"
9.68,6.51,234,1,75.28,21.04,"Beta","api","media","success"
15.37,2.63,209,2,70.57,15.5,"Alpha","notifications","media","success"
27.04,3.2,231,1,71.48,43.82,"Delta","api","media","success"
10.09,3.22,207,0,66.28,45.77,"Gamma","api","baja","success"
4.3,6.05,237,2,76.43,2.23,"Beta","database","alta","success"
7.77,7.9,228,0,76.17,18.64,"Beta","ui","baja","success"
10.43,2.73,226,1,39.9,28.57,"Alpha","api","baja","success"
14.03,2.04,209,1,41.74,9.46,"Alpha","payments","alta","success"
9.58,2.81,200,0,50.97,16.01,"Beta","auth","media","success"
10.54,NA,229,0,65.45,18.08,"Alpha","ui","alta","failed"
8.56,11.07,205,4,73.59,22.51,"Alpha","auth","alta","success"
5.39,20.24,252,1,69.17,64.54,"Beta","api","media","success"
8.24,9.93,216,3,48.34,7.39,"Delta","ui","alta","success"
7.06,6.73,201,3,90.17,7.39,"Beta","api","media","success"
12.84,8.23,243,0,76.7,16.6,"Alpha","database","media","success"
9.4,3.49,218,1,73.27,37.65,"Gamma","api","baja","success"
8.41,5.28,242,1,74.16,96.54,"Beta","api","baja","success"
7.28,5.56,205,2,92.14,50.03,"Gamma","api","alta","success"
5.42,8.13,224,1,92.22,16.63,"Alpha","ui","alta","success"
13.1,NA,219,0,65.71,5.64,"Alpha","auth","baja","failed"
5.55,5.18,224,4,84.14,12.05,"Gamma","ui","media","success"
10.49,3.07,226,1,90.45,15.62,"Alpha","ui","alta","success"
10.25,8.58,219,1,78.22,24.3,"Alpha","auth","media","success"
18.15,5.96,202,2,79.32,40.83,"Delta","auth","baja","success"
19.97,5.37,212,0,66.68,16.13,"Beta","notifications","baja","success"
12.83,5.31,230,2,96.48,8.33,"Alpha","database","alta","success"
10.03,5.79,253,1,97.93,0.58,"Alpha","api","media","success"
9.93,5.34,212,3,63.43,2.25,"Beta","ui","crítica","success"
17.31,2.76,222,2,71.66,32.93,"Beta","api","alta","success"
15.14,6.15,208,1,73.79,109.82,"Alpha","api","baja","success"
13.98,NA,183,1,81.7,8.04,"Gamma","database","media","failed"
9.37,7.65,222,1,87.92,3.11,"Delta","api","baja","success"
9.91,5.98,217,0,67.6,63.94,"Beta","api","media","success"
9.04,NA,194,2,66.8,5.29,"Delta","database","media","failed"
7.03,15.28,227,0,80.64,48.78,"Alpha","database","baja","success"
8.82,6.6,215,1,73.98,13.07,"Delta","ui","alta","success"
13.67,3.86,241,0,60.92,17.28,"Beta","auth","baja","success"
8.34,6.86,198,1,70.65,18.39,"Beta","database","media","success"
5.69,5.27,208,2,81.73,39.64,"Alpha","api","baja","success"
11.59,10.16,198,1,96.41,49.13,"Beta","ui","baja","success"
16.5,7.08,229,0,63.88,52.04,"Beta","auth","media","rolled_back"
4.15,2.4,209,0,61.83,53.39,"Delta","api","baja","success"
19.35,7.69,218,0,62.37,39.09,"Beta","ui","baja","success"
9.74,6.71,216,1,66.08,1.04,"Delta","notifications","media","success"
6.79,8.39,211,2,79.55,25.6,"Beta","api","baja","success"
12.97,3.44,202,NA,74.19,28.53,"Delta","auth","baja","rolled_back"
7.94,4.09,212,1,82.83,44.99,"Alpha","api","baja","success"
16.69,NA,227,4,93.97,NA,"Alpha","payments","media","failed"
8.95,2.35,193,1,65.4,7.3,"Alpha","notifications","media","success"
13.26,7.34,234,1,77.29,5.64,"Gamma","ui","media","success"
7.95,NA,213,1,92.08,28.56,"Gamma","auth","media","failed"
6.73,9.22,222,1,80.08,57.13,"Beta","auth","media","success"
8.8,4.66,215,0,82.4,6.76,"Gamma","auth","baja","success"
8.75,8.43,217,0,80.61,41.5,"Delta","api","alta","success"
11.5,15.43,234,0,79.14,7.66,"Alpha","notifications","baja","success"
20.22,4.09,205,1,84.4,105.59,"Gamma","database","baja","success"
17.83,NA,228,1,72.33,NA,"Delta","ui","baja","failed"
9.98,8.54,197,1,62.12,14.32,"Gamma","api","baja","success"
11.96,4.5,262,1,78.02,4.4,"Beta","ui","media","success"
19.52,4.08,208,2,39.67,32.71,"Beta","ui","baja","success"
10.67,12.68,218,2,65.67,36.24,"Alpha","api","media","success"
17.01,1.29,228,1,80.19,57.73,"Gamma","ui","media","success"
4.25,4.07,226,1,65.58,11.76,"Beta","auth","baja","success"
8.85,4.76,236,0,87.06,11.46,"Gamma","payments","alta","success"
9,12.39,206,0,92.69,8,"Alpha","api","baja","success"
7.47,2.75,215,0,61.97,5.61,"Gamma","api","alta","success"
20.59,NA,208,1,66.15,26.96,"Delta","ui","baja","failed"
25.25,NA,200,2,82.18,26.66,"Delta","api","baja","failed"
5.94,7.15,196,1,85.48,6.14,"Beta","database","alta","success"
12.59,5,202,3,58.99,9.92,"Delta","api","alta","success"
9.2,2.82,224,0,63.3,32.51,"Alpha","ui","baja","success"
9.26,7.31,217,1,88,19.04,"Alpha","ui","media","success"
24.27,9.49,257,1,72.98,1.71,"Beta","ui","media","success"
11.81,7.57,186,2,64.02,55.95,"Delta","ui","media","success"
8.9,3.51,210,0,91.93,3.52,"Delta","auth","baja","success"
5.74,9.4,222,0,59.95,2.24,"Alpha","api","media","success"
8.99,3.32,232,1,94.24,39.09,"Beta","ui","media","success"
8.94,8.93,241,2,76.84,7.18,"Beta","api","media","success"
11.41,1.34,236,0,80.58,9.42,"Beta","ui","crítica","success"
9.1,2.27,223,1,81.84,12.06,"Beta","database","alta","success"
5.93,9.23,234,1,78.8,25.74,"Delta","api","baja","success"
6.66,9.24,234,3,78.23,16.85,"Beta","api","alta","success"
6.22,2.74,228,3,58.16,32.02,"Beta","api","media","success"
7.75,11.35,209,0,NA,1.44,"Alpha","api","media","success"
18.08,12.21,218,2,81.91,39.77,"Alpha","api","baja","success"
11.68,5.47,217,0,49.01,1.11,"Gamma","api","media","success"
11.69,4,211,2,NA,7.87,"Alpha","api","media","success"
4.92,5.77,215,3,NA,8.22,"Alpha","auth","media","success"
7.27,4.11,231,1,89.04,2.96,"Gamma","auth","media","success"
4.17,11.95,232,0,NA,19.03,"Beta","auth","alta","success"
7.09,5.52,236,0,71.36,21.56,"Delta","database","alta","success"
4.39,5.46,233,2,76.33,21.32,"Gamma","ui","media","success"
3.01,12.37,230,0,64.49,9.83,"Alpha","api","crítica","success"
11.55,4.57,196,3,76.26,14.48,"Beta","ui","media","success"
12.5,NA,222,4,72.98,NA,"Gamma","ui","baja","failed"
19.26,5.29,238,NA,89.98,NA,"Alpha","auth","baja","rolled_back"
7.69,4.44,239,1,80.99,5.16,"Delta","api","media","success"
6.38,2.65,247,0,72.75,51.96,"Alpha","auth","baja","success"
7.84,8.48,243,0,76.42,24.51,"Gamma","auth","baja","success"
3.89,2.33,199,2,85.71,3.52,"Beta","ui","media","success"
9.5,NA,218,2,88.04,24.86,"Beta","api","alta","failed"
12.53,5.74,218,0,77.38,49.27,"Alpha","notifications","media","success"
6.86,7.65,214,0,24.01,27.59,"Beta","ui","alta","success"
4.51,3.96,233,1,71.3,27.63,"Delta","database","media","success"
8.41,6.21,228,1,60.67,1.37,"Alpha","ui","baja","success"
17.24,NA,225,1,93.29,57.45,"Gamma","ui","baja","failed"
9.98,NA,236,0,74.95,141.64,"Beta","api","alta","failed"
17.75,5.3,219,1,85.82,10.29,"Alpha","ui","media","success"
11.88,5.89,194,1,81.61,29.69,"Alpha","ui","media","success"
18.21,3.6,221,1,59.58,15.85,"Gamma","database","baja","success"
6.66,3.49,215,3,83.67,101.29,"Delta","database","baja","success"
14.75,3.03,236,1,97.29,4.33,"Alpha","ui","media","success"
9.66,4.9,226,0,70.76,1.57,"Gamma","auth","media","success"
8.91,6.31,231,1,85.06,29.16,"Beta","ui","baja","success"
4.72,1.97,240,3,59.96,1,"Delta","auth","baja","success"
5.21,5.46,200,0,44.87,2.52,"Beta","database","alta","success"
2.85,NA,217,1,NA,6.23,"Alpha","ui","baja","failed"
8.46,8.48,221,0,74.72,1.79,"Alpha","ui","baja","success"
5.58,2.12,250,0,43.15,76.69,"Beta","notifications","baja","success"
19.46,8.29,210,0,66.46,2.18,"Delta","api","media","success"
13.91,7.01,242,2,81.99,4.7,"Gamma","ui","baja","success"
29.62,8.14,245,2,84.64,24.89,"Gamma","ui","media","success"
6.93,5.61,225,1,62.25,1.19,"Delta","api","alta","success"
22.79,5.71,215,2,76.67,42.04,"Delta","api","media","success"
5.7,6.33,223,1,85.01,8.67,"Alpha","auth","media","success"
5.92,2.3,222,2,79.71,5.33,"Delta","auth","media","success"
9.65,4.08,227,2,93.12,7.97,"Gamma","api","baja","success"
17.44,12.02,229,1,90.73,13.39,"Alpha","api","baja","success"
14.11,3.16,229,1,51.67,12.99,"Alpha","auth","alta","success"
15.52,9.17,242,3,85.89,5.37,"Gamma","ui","baja","success"
10.41,6.22,200,2,65.96,1.01,"Beta","api","baja","success"
8.49,5.45,223,0,57.28,26.35,"Beta","database","alta","success"
10.74,7.78,219,0,91.87,7.25,"Beta","auth","baja","success"
13.48,1.62,200,0,72.94,33.46,"Gamma","api","baja","success"
11.73,10.05,240,1,53.94,84.83,"Alpha","api","media","success"
14.68,8.94,215,2,86.61,1.05,"Alpha","api","media","success"
12.57,2.84,201,0,92.72,6.4,"Beta","auth","crítica","success"
12.33,8.15,169,2,66.45,10.35,"Alpha","auth","alta","success"
14.97,3.25,239,0,79.23,5.79,"Delta","ui","media","success"
17.31,NA,222,0,92.28,17.42,"Delta","ui","baja","failed"
6.64,3.69,199,3,54.55,36.53,"Gamma","api","baja","success"
9.15,8.36,221,1,79.38,15.5,"Gamma","auth","baja","success"
11.18,2.6,205,5,62.3,47.62,"Gamma","notifications","baja","success"
6.53,2.71,245,2,72.78,9.27,"Alpha","auth","crítica","success"
13.08,10.4,203,0,82.89,7.03,"Beta","api","media","success"
9.44,8.01,206,2,90.2,24.24,"Gamma","api","baja","success"
14.51,3.89,232,1,78.97,24.75,"Alpha","ui","media","success"
7.21,3.3,192,1,83.29,9.09,"Alpha","api","baja","success"
7.61,1.44,235,2,76.83,11.35,"Delta","notifications","baja","rolled_back"
5.24,NA,241,1,70.22,NA,"Beta","api","media","failed"
5.57,1.06,200,1,72.31,42.38,"Beta","api","alta","success"
20.22,3.11,215,2,79.19,9.55,"Alpha","api","baja","success"
10.24,8,235,NA,70.07,NA,"Alpha","api","media","rolled_back"
13.19,4.69,209,1,65.72,1.17,"Alpha","auth","baja","success"
14.88,6.89,223,1,88,2.29,"Delta","ui","media","success"
11.03,2.28,225,0,91.13,19.34,"Beta","api","media","success"
6.69,8.98,195,2,98.04,34.94,"Gamma","api","media","success"
5.47,2.02,222,1,61.29,8.74,"Alpha","ui","alta","success"
7.96,3.73,226,2,68.72,11.89,"Beta","ui","baja","success"
8.43,4.03,203,2,68.73,13.38,"Delta","api","media","success"
8.81,6.41,247,1,64.86,4.94,"Beta","api","media","success"
23.88,6.77,231,3,89.67,11.34,"Gamma","ui","baja","success"
22.4,4.81,209,4,77.04,18.41,"Alpha","api","alta","rolled_back"
4.05,3.61,219,1,89.28,2.22,"Delta","auth","media","success"
10.78,5.81,211,0,62.95,2.11,"Beta","api","crítica","success"
11.95,3.75,220,2,71.52,26.94,"Gamma","ui","baja","rolled_back"
5.03,7.3,214,3,97.35,10.27,"Alpha","auth","baja","success"
8.76,6.12,215,2,56.02,37.4,"Gamma","ui","crítica","success"
6.73,2.34,216,NA,74.9,12.82,"Delta","payments","media","rolled_back"
31.87,6.08,190,4,58.06,36.22,"Gamma","auth","alta","success"
15.08,6.72,229,1,74.76,88.85,"Gamma","api","media","success"
5.52,5.11,211,3,95.66,1.71,"Delta","payments","media","success"
15.13,12.31,219,0,69.14,55.81,"Gamma","api","media","success"
10.58,2.35,236,1,74.98,18.94,"Alpha","payments","baja","success"
7.82,6.08,234,NA,76.33,18.08,"Alpha","auth","baja","rolled_back"
5.79,6.52,220,2,84.53,4.45,"Beta","ui","media","success"
12.81,6.36,248,0,80.66,77,"Alpha","notifications","alta","success"
7.31,1.87,219,NA,71.45,7.79,"Delta","database","baja","rolled_back"
11.03,1.52,241,2,NA,15.13,"Alpha","ui","media","success"
9.95,6.85,210,1,81.54,34.83,"Gamma","ui","baja","success"
12.55,6.15,229,0,77.6,3,"Alpha","payments","baja","success"
30.15,NA,234,1,94.17,NA,"Delta","ui","alta","failed"
12.92,5.05,203,0,64.51,62.96,"Beta","api","baja","success"
19.38,4.73,211,0,47.91,30.53,"Gamma","api","alta","success"
12.82,5.52,217,2,74.72,68.51,"Gamma","ui","media","success"
17.91,4.97,201,1,85,26.02,"Beta","payments","alta","success"
14.18,2.42,220,1,62.1,34.93,"Gamma","ui","media","success"
7.57,1.42,230,NA,65.51,NA,"Gamma","api","media","rolled_back"
5.04,3.39,194,NA,72.14,18.55,"Gamma","auth","media","rolled_back"
4.47,6.81,221,NA,NA,NA,"Alpha","auth","baja","rolled_back"
4.77,17.69,219,0,NA,66.74,"Alpha","ui","baja","success"
14.84,3.5,214,1,54.16,15.28,"Gamma","payments","baja","success"
14.11,2.33,235,0,85.53,1.01,"Delta","api","media","success"
11.71,6.36,232,0,79.69,16.47,"Delta","api","media","success"
18.62,6.73,249,NA,81.35,8.65,"Beta","database","crítica","rolled_back"
4.57,3.32,230,2,NA,32.87,"Gamma","api","media","success"
14.49,7.12,193,2,87.88,101.13,"Delta","api","baja","success"
17.55,3.59,226,0,64.59,3.28,"Delta","payments","alta","success"
17.37,5.47,220,1,94.16,35.39,"Alpha","api","media","success"
8.52,7.32,212,3,88.39,15.88,"Alpha","api","baja","success"
10.62,7.94,227,NA,77.66,39.24,"Alpha","notifications","media","rolled_back"
23.89,10.32,208,0,65.68,42.94,"Gamma","payments","baja","success"
30.7,6.63,228,NA,65.46,27.69,"Gamma","api","alta","rolled_back"
7.39,4.21,211,0,91.76,59.65,"Delta","auth","baja","success"
12.89,1.08,243,1,67.41,6.99,"Gamma","database","baja","success"
7.28,5.02,236,0,68.79,NA,"Beta","api","baja","rolled_back"
9.25,5.42,211,1,88.58,16.9,"Gamma","notifications","baja","rolled_back"
2.69,12.82,201,0,87.89,7.83,"Beta","notifications","baja","success"
10.26,2.62,228,2,93.68,21.38,"Delta","ui","media","success"
9.88,5.22,259,0,66.87,3.75,"Alpha","auth","baja","success"
6.23,5.12,221,2,82.04,36.54,"Beta","ui","media","success"
8.33,1.79,207,1,83.62,39.08,"Beta","api","baja","success"
7.3,1.4,224,3,74.05,34.96,"Alpha","api","media","success"
12.25,NA,224,2,70.36,11.72,"Alpha","auth","media","failed"
4.75,5.36,214,2,78.18,10.79,"Gamma","payments","media","success"
16.23,NA,225,0,88.21,NA,"Delta","ui","baja","failed"
2.94,NA,230,0,55.49,NA,"Alpha","payments","media","failed"
10.24,NA,241,2,91.91,9.74,"Beta","ui","alta","failed"
5.67,9.03,238,1,51.74,6.43,"Gamma","database","alta","success"
13.27,2.48,241,0,86,57.52,"Beta","api","media","success"
9.67,13.91,201,0,89.02,32.4,"Alpha","api","baja","success"
17.36,6.51,199,0,67.28,64.28,"Delta","ui","baja","success"
12.74,4.95,229,0,77.39,50.78,"Beta","auth","alta","success"
5.19,2.45,228,0,64.25,13.91,"Alpha","ui","baja","success"
3.04,3.69,211,0,81.52,13.25,"Delta","api","baja","success"
9.64,5.03,222,0,79.04,13.6,"Beta","auth","alta","success"
12.34,1.67,227,1,92.42,50.4,"Beta","api","alta","success"
15.48,2.56,246,1,67.5,66.56,"Alpha","auth","baja","success"
14.59,6.65,214,0,91.7,29.15,"Delta","api","media","success"
7.43,10.56,227,1,71.18,36.66,"Gamma","api","baja","success"
22.61,13.07,224,2,70.36,118.26,"Alpha","auth","baja","success"
8.91,6.05,244,0,76.72,7.66,"Beta","api","baja","success"
8.02,2.15,236,1,77.11,2.04,"Beta","payments","alta","success"
15.74,5.59,210,5,90.73,22.31,"Beta","api","media","success"
12.18,6.6,217,0,80.06,56.62,"Alpha","auth","media","success"
8.11,9.44,189,2,94.94,4.09,"Gamma","auth","alta","success"
11.58,7.01,233,2,90.71,13.19,"Beta","auth","alta","success"
16.34,4.89,211,0,94.28,13.7,"Alpha","ui","baja","success"
14.61,10.37,220,0,61.97,5.58,"Delta","ui","alta","success"
7.46,7.47,192,4,55.72,2.93,"Gamma","auth","alta","success"
10.53,1.78,232,1,86.47,11.57,"Beta","database","media","success"
10.11,13.68,237,0,77.61,4.82,"Gamma","notifications","baja","success"
15.56,3.89,212,1,94.14,37.69,"Alpha","auth","media","success"
14.1,NA,213,2,94.92,5.39,"Delta","api","baja","failed"
7.56,7.37,235,0,72.82,46.33,"Beta","payments","baja","success"
14.6,4.17,208,0,81.24,4.44,"Gamma","auth","baja","success"
13.77,4.82,238,0,83.83,10.44,"Alpha","ui","baja","success"
13.72,10.76,225,1,90.93,30.13,"Beta","database","media","success"
17.66,4.93,216,0,89.44,2.77,"Delta","api","media","success"
9.03,2.52,228,0,94.68,28.88,"Delta","ui","media","success"
13.15,6.18,221,0,71.38,3.27,"Gamma","ui","baja","success"
7.11,7.31,215,1,65.63,10.08,"Gamma","ui","baja","success"
16.59,5.29,215,2,83.48,2.53,"Gamma","notifications","alta","success"
17.98,6.78,208,1,72.7,30.48,"Beta","database","baja","success"
7.43,6.65,207,0,83.18,21.94,"Alpha","payments","baja","success"
9.6,3.28,189,0,40.7,73.77,"Beta","ui","alta","success"
6.5,NA,214,1,70.92,3.6,"Alpha","ui","alta","failed"
8.57,4.74,227,1,95.07,29.88,"Delta","ui","baja","success"
7.77,10.18,195,2,87.9,9.1,"Gamma","ui","media","success"
12.23,4.79,226,0,59.36,62.27,"Alpha","ui","alta","success"
11.89,5.5,234,NA,87.69,NA,"Alpha","api","alta","rolled_back"
10.57,10.36,198,0,73.38,23.66,"Delta","api","media","success"
7.62,0.98,193,2,85.29,17.05,"Alpha","database","crítica","success"
14.57,NA,211,1,83.97,7.11,"Alpha","database","baja","failed"
11.46,5.22,210,2,58.35,56.87,"Alpha","ui","baja","success"
12.55,3.41,244,0,81.19,61.58,"Beta","payments","alta","success"
14.65,4.43,212,0,70.84,1.69,"Alpha","ui","media","success"
10.05,11.18,204,1,89.72,2.71,"Alpha","ui","alta","success"
17.07,4.89,221,1,76.19,93.82,"Beta","auth","media","success"
16.43,NA,232,2,67.04,NA,"Gamma","api","baja","failed"
9.99,5.92,206,1,93.27,2.26,"Alpha","notifications","baja","success"
7.64,13.15,215,2,53.53,15.26,"Alpha","ui","baja","success"
8.32,7.8,223,1,78.71,10.12,"Beta","auth","alta","success"
13.8,12.47,215,2,93.88,50.34,"Beta","payments","media","success"
7.67,9.61,215,2,70.23,14.86,"Beta","auth","baja","success"
18.11,2.79,222,0,70.46,47.43,"Beta","auth","baja","success"
13.97,7.71,220,1,80.89,14.67,"Delta","api","baja","success"
15.48,4.43,219,1,76.22,2.62,"Gamma","ui","alta","success"
9.36,4.88,204,2,56.33,99.46,"Beta","auth","baja","success"
16.01,5.11,212,3,86.56,39.41,"Beta","auth","baja","success"
11.26,4.6,198,1,69.7,20.64,"Gamma","api","baja","success"
4.61,NA,231,0,81.28,NA,"Gamma","api","alta","failed"
10.43,8.46,243,1,71.38,50.38,"Beta","auth","baja","success"
7.59,7.93,217,2,90.18,25.43,"Delta","api","alta","success"
9.46,2.07,242,2,97.3,1.3,"Alpha","api","media","success"
8.16,NA,188,0,79.77,0.89,"Gamma","auth","alta","failed"
6.49,9.36,200,2,56.67,17.7,"Alpha","ui","baja","success"
7.84,3.17,216,1,88.39,6.74,"Gamma","ui","baja","success"
5.43,5.15,235,2,78.7,40.15,"Alpha","ui","baja","success"
6.72,2.66,243,3,92.64,4.37,"Alpha","payments","media","success"
5.14,4.28,210,3,71.36,18.97,"Beta","notifications","media","success"
9.51,3.2,192,0,59.01,23.2,"Beta","api","alta","success"
16.76,13.07,199,2,49.98,42.51,"Alpha","api","media","success"
8.17,9.55,209,0,49.05,12.44,"Delta","api","baja","success"
9.38,NA,224,2,79.9,NA,"Gamma","auth","baja","failed"
8.66,3.72,213,2,76.87,39.45,"Alpha","api","media","success"
22.97,NA,220,0,68.81,41.78,"Gamma","ui","crítica","failed"
16.37,4.7,206,0,85.39,20.37,"Alpha","ui","crítica","success"
6.68,2.45,194,0,69.89,2.82,"Delta","auth","media","success"
6.89,6.44,197,NA,63.64,10.02,"Alpha","ui","media","rolled_back"
9.92,6.63,196,0,88.49,95.04,"Gamma","api","crítica","success"
19.45,5.69,226,1,61.51,12.41,"Beta","auth","crítica","success"
18.08,6.85,233,1,63.66,38.44,"Beta","payments","baja","success"
12.18,4.91,220,2,72.3,29.98,"Alpha","database","media","success"
6.2,2.49,210,0,81.08,68.46,"Beta","auth","baja","success"
12.48,3.89,205,1,56.98,65.25,"Delta","auth","media","success"
9.15,2.78,215,1,78.44,20.87,"Beta","api","baja","success"
5.51,5.06,226,2,69.15,3.8,"Gamma","auth","baja","success"
9.77,4.89,230,0,52.31,26.85,"Gamma","payments","baja","success"
9.02,2.2,219,1,53.87,17.47,"Gamma","api","alta","success"
9.74,4.87,200,1,64.08,49.22,"Alpha","ui","baja","success"
9.98,7.76,210,NA,71.18,20.23,"Delta","auth","baja","rolled_back"
6.51,4.15,214,2,93.51,21.94,"Alpha","api","baja","success"
8.12,9.73,222,NA,82.63,NA,"Delta","api","media","rolled_back"
14.78,1.89,204,0,60.81,46.01,"Gamma","database","crítica","success"
12.51,NA,228,2,75.34,75.46,"Alpha","auth","media","failed"
20.18,NA,232,1,76.24,4.6,"Gamma","api","baja","failed"
8.23,4.16,241,0,74.78,24,"Delta","database","baja","rolled_back"
18.45,NA,217,3,61.13,1.53,"Gamma","ui","alta","failed"
8.66,5.09,243,1,52.21,6.17,"Alpha","ui","alta","success"
16.64,2.43,207,0,92.54,3.57,"Beta","auth","baja","success"
16.19,6.1,219,1,79.43,62.17,"Alpha","payments","media","success"
11.08,NA,220,2,81.32,83.04,"Beta","ui","media","failed"
9.01,5.42,207,1,72.42,27.22,"Gamma","ui","media","success"
7.29,NA,232,0,68.28,5.51,"Alpha","auth","media","failed"
7.22,NA,225,0,67.85,NA,"Gamma","auth","baja","failed"
10.23,10.66,237,2,53.84,16.55,"Beta","payments","media","rolled_back"
11.83,5.05,212,2,94.46,16.06,"Beta","notifications","baja","success"
7.21,3.08,212,0,96.36,52.67,"Beta","ui","baja","success"
14.06,4.9,236,4,70.28,90.2,"Alpha","api","baja","success"
9.79,6.25,196,1,94.99,2.54,"Alpha","payments","baja","success"
9.79,4.8,218,1,61.97,12.68,"Gamma","ui","baja","success"
10.31,NA,212,3,72.2,49.16,"Gamma","database","media","failed"
6.49,2.72,225,1,70.56,42.04,"Beta","api","media","success"
10.45,2.26,221,0,73.98,19.6,"Beta","notifications","alta","success"
11.01,4.53,231,1,55.04,8.22,"Gamma","ui","media","success"
19.91,12.41,215,1,86.76,12.56,"Beta","api","media","success"
11.18,7.76,217,3,67.59,35.9,"Gamma","ui","media","rolled_back"
6.61,6.63,194,2,89.85,9.2,"Beta","auth","media","success"
9.01,1.9,221,2,65.12,32.79,"Alpha","ui","media","success"
13.33,3.56,198,1,93.54,27.38,"Delta","notifications","crítica","success"
5.99,NA,226,1,85.64,5.01,"Alpha","ui","alta","failed"
23.17,NA,235,0,85.36,NA,"Alpha","api","baja","failed"
7.78,6.38,202,1,57.39,31.04,"Delta","ui","baja","success"
11.66,8.36,219,0,89.37,9.06,"Delta","ui","baja","success"
12.34,10.53,201,1,80.72,16.79,"Beta","auth","baja","success"
17.35,3.62,224,2,94.95,36.64,"Alpha","auth","baja","success"
11.04,6.01,228,0,36.27,8.84,"Alpha","ui","baja","success"
11.23,12.93,182,1,71.74,NA,"Beta","api","media","rolled_back"
13.31,5.89,226,0,59.92,33.66,"Gamma","api","media","success"
10.16,NA,217,1,89.37,NA,"Alpha","auth","media","failed"
7.92,2.57,193,0,96.14,85.44,"Beta","api","media","success"
14.08,5.87,257,2,86.95,33.52,"Gamma","api","media","success"
8.35,3.92,193,0,77.85,38.16,"Delta","auth","alta","success"
12.86,2.6,208,1,68.09,1.89,"Alpha","api","crítica","success"
22.03,12.13,216,1,55.73,4.7,"Gamma","api","baja","success"
6.36,2.75,196,0,47.97,19.35,"Gamma","api","alta","success"
18.98,2.68,221,3,53.3,26.44,"Beta","ui","media","success"
6.31,10.9,227,2,72.91,19.14,"Gamma","auth","crítica","success"
15.45,3.09,231,5,59.34,15.52,"Delta","api","alta","success"
12.37,13.82,222,0,64.01,13.25,"Delta","ui","baja","success"
12.48,9.59,192,2,90.12,5.84,"Alpha","api","media","success"
16.74,4.95,223,3,82.03,35.26,"Alpha","auth","alta","success"
9.9,3.27,235,1,58.59,21.31,"Delta","api","media","success"
6.01,6,214,0,80.43,11.64,"Gamma","notifications","media","success"
10.95,NA,233,3,73.64,39.89,"Delta","api","media","failed"
29.05,6.96,202,1,74.59,30.06,"Alpha","ui","baja","success"
6.61,1.28,211,0,68.51,77.83,"Alpha","api","media","success"
5.54,NA,212,1,86.73,16.71,"Delta","notifications","baja","failed"
9.2,4.88,233,0,85.87,20.42,"Delta","notifications","baja","success"
7.43,15.28,221,2,79.59,2.98,"Beta","auth","media","success"
12.48,2.84,210,1,70.92,18.93,"Delta","api","baja","success"
6.03,3.19,196,0,66.02,41.28,"Alpha","ui","baja","success"
11.51,4.05,214,1,NA,0.71,"Alpha","api","baja","success"
11.02,3.57,190,0,81.54,43.84,"Alpha","ui","baja","success"
15.15,4.73,215,2,91.32,24.36,"Alpha","api","baja","success"
9.97,4.12,236,1,54.45,19.61,"Beta","database","media","success"
10.19,2.48,209,0,66.13,58.17,"Delta","auth","crítica","success"
20.46,7.73,220,0,62.04,17.96,"Alpha","payments","media","success"
3.32,5.76,232,1,90.82,23.31,"Beta","auth","baja","success"
13.77,5.36,221,0,87.52,16.45,"Beta","api","baja","success"
13.97,NA,201,3,69.29,NA,"Gamma","ui","baja","failed"
11.3,5.33,229,0,88.02,13.12,"Beta","ui","baja","success"
9.33,4.04,213,3,86.55,18.87,"Alpha","auth","media","success"
10.84,4.4,234,1,89.32,1.33,"Alpha","auth","media","success"
8.97,10.17,212,NA,73.49,NA,"Gamma","ui","media","rolled_back"
13.63,3.96,217,0,82.68,9.59,"Beta","auth","media","success"
17.44,6.93,228,0,89.42,1.09,"Delta","payments","media","success"
12.75,9.39,227,0,90.36,33.54,"Alpha","api","media","success"
5.77,3.7,243,2,74.48,3.03,"Gamma","auth","media","success"
5.06,11.87,230,0,86.06,NA,"Alpha","auth","media","rolled_back"
11.33,2.3,221,0,50.33,3.58,"Gamma","notifications","alta","success"
15.53,2.52,239,2,74.46,7.68,"Gamma","notifications","baja","success"
6.67,5.14,221,NA,88.86,38.07,"Alpha","auth","baja","rolled_back"
8.32,5.76,247,0,59.33,39.12,"Gamma","auth","media","success"
17.79,NA,232,2,68.84,NA,"Alpha","ui","media","failed"
7.97,7.77,220,1,78.95,16.69,"Alpha","api","media","success"
23.5,2.51,207,1,91.73,0.85,"Alpha","api","media","success"
9.01,2.06,191,0,79.58,68.13,"Delta","payments","media","success"
10.19,6.55,201,0,44.36,26.78,"Alpha","database","media","success"
12.64,9.39,213,0,83.16,59.16,"Gamma","api","baja","success"
4.36,8.98,199,0,60.98,17.75,"Gamma","database","media","success"
8.66,9.46,218,4,52.47,19.84,"Delta","auth","crítica","success"
24.34,14.37,223,2,67.24,19.52,"Gamma","notifications","media","success"
7.4,3.34,224,3,86.58,13.44,"Delta","notifications","alta","success"
9.32,4.31,203,4,77.11,12.84,"Delta","payments","alta","success"
10.48,NA,212,0,79.25,11.59,"Delta","payments","media","failed"
5.45,9.36,217,2,65.24,18.7,"Beta","auth","baja","success"
17.16,NA,206,0,70.74,4.55,"Beta","api","baja","failed"
15.49,1.97,214,0,56.19,15.94,"Beta","api","media","success"
9.39,7.21,241,1,65.63,40.29,"Gamma","ui","media","success"
13.05,NA,223,1,80.12,NA,"Alpha","ui","baja","failed"
9.1,3.57,222,1,88.11,10.82,"Delta","database","media","success"
4.92,9.76,213,0,83.54,6.24,"Delta","database","media","success"
8.8,NA,193,0,73.34,68.79,"Gamma","api","baja","failed"
16.16,2.99,201,3,89.58,24.52,"Gamma","api","media","success"
5.21,5.5,230,NA,75.38,NA,"Alpha","api","alta","rolled_back"
8.03,5.7,215,1,89.31,5.08,"Gamma","api","media","success"
12.32,11.36,207,3,88.93,23.36,"Beta","auth","media","success"
7.11,9.46,243,0,71.49,16.46,"Gamma","auth","media","success"
11.22,3.27,212,2,85.66,74.08,"Gamma","ui","media","success"
10.19,11.86,205,1,87.46,4.77,"Gamma","payments","media","success"
11.45,9.6,214,1,82.4,0.58,"Beta","auth","alta","success"
26.57,NA,248,1,77.72,11.48,"Beta","ui","baja","failed"
18,9.97,215,0,60.96,11.53,"Gamma","database","baja","success"
10.94,3.46,205,2,87.48,6.89,"Beta","ui","media","success"
7.51,4.16,222,3,93.87,11.08,"Gamma","auth","alta","success"
4.62,6.26,214,1,93.78,9.84,"Alpha","payments","baja","success"
10.73,4.09,222,1,86.88,0.84,"Beta","ui","crítica","success"
6.29,9.43,225,1,86.25,51.18,"Alpha","api","media","success"
11.3,8.01,199,0,79.42,4.95,"Beta","api","baja","success"
6.85,NA,224,0,45.19,121.02,"Beta","ui","media","failed"
6.6,3.88,224,1,82.72,4.32,"Alpha","notifications","baja","success"
7.06,2.78,217,1,70.61,7.44,"Beta","api","media","success"
21.46,NA,231,0,72.92,49.07,"Gamma","notifications","alta","failed"
6.99,NA,210,1,88.76,10.05,"Delta","auth","baja","failed"
16.23,1.84,207,1,88.05,62.95,"Gamma","auth","media","success"
11.12,10.74,237,0,71.91,64.29,"Beta","ui","media","success"
12.88,4.95,252,2,78.54,5.57,"Gamma","database","media","success"
6.26,7.43,223,0,83.53,73.55,"Alpha","api","baja","success"
18.05,NA,242,1,86.2,11.77,"Gamma","ui","media","failed"
9.38,14.83,232,0,79.88,43.06,"Alpha","api","alta","success"
8.12,6.02,254,1,90.66,16.55,"Alpha","api","baja","success"
12.77,10.24,206,1,90.89,2.01,"Alpha","ui","baja","success"
6.08,4.27,204,1,80.14,33.48,"Delta","ui","baja","success"
13.86,5.16,240,1,86.47,7,"Alpha","api","media","success"
13.5,4.69,207,2,93.69,26.27,"Alpha","ui","media","success"
20.49,NA,224,2,52.19,24.42,"Gamma","api","baja","failed"
8.34,4.37,209,0,64.78,6.13,"Beta","auth","alta","success"
12.42,6.86,228,3,85.86,11.72,"Alpha","payments","alta","success"
8.72,7.81,217,1,70.12,24.31,"Delta","ui","baja","success"
10.77,4.14,228,2,85.66,1.08,"Beta","database","media","success"
11.28,7.65,217,3,79.18,49.2,"Delta","notifications","media","success"
4.48,NA,236,2,95.55,NA,"Alpha","ui","media","failed"
15.17,3.35,204,0,85.13,1.36,"Delta","api","baja","success"
8.37,4.71,222,5,62.08,3.86,"Delta","api","baja","success"
12.87,5.91,218,2,87.43,26.89,"Alpha","api","alta","success"
16.24,9.35,221,1,NA,74.66,"Delta","database","alta","success"
6.34,5.07,199,0,87.48,5.16,"Gamma","ui","media","success"
7.4,3.86,238,0,58.61,32.53,"Beta","auth","baja","success"
11.57,8.04,253,NA,83.66,15.69,"Gamma","auth","media","rolled_back"
7.31,2.65,214,1,81.61,7.33,"Alpha","notifications","baja","success"
12.87,4.07,213,1,76.3,31.07,"Delta","api","crítica","success"
21.62,2.59,193,0,87.82,6.78,"Alpha","auth","crítica","success"
11.46,16.6,220,1,86.44,28.7,"Alpha","api","crítica","success"
14.1,8.07,212,0,76.33,58.59,"Alpha","database","media","success"
15.56,3.96,243,5,77.48,60.48,"Delta","ui","baja","success"
9.89,5.93,221,0,79.7,3.49,"Delta","ui","baja","success"
9.13,6.92,207,NA,53.34,60.78,"Alpha","api","crítica","rolled_back"
17.11,5.47,235,2,75.81,7.71,"Beta","api","baja","success"
11.86,NA,225,3,84.6,67.99,"Delta","api","alta","failed"
17.34,3.5,218,0,NA,89.4,"Beta","api","alta","success"
10.24,2.73,223,1,63.84,30,"Beta","notifications","baja","success"
7.64,10.95,222,0,87.26,11.63,"Alpha","ui","media","success"
16.98,NA,194,1,73.9,15.63,"Delta","auth","media","failed"
12.56,5.72,204,1,86.32,92.99,"Gamma","notifications","alta","success"
11.11,4.34,198,1,85.18,26,"Beta","payments","alta","rolled_back"
7.91,13.86,207,0,59.99,92.14,"Beta","api","alta","success"
15.34,5.37,222,2,64.92,8.9,"Gamma","auth","baja","success"
5.11,NA,221,1,76.24,14.84,"Delta","auth","media","failed"
10.27,3.96,221,0,85.77,17.25,"Gamma","database","baja","success"
5.42,4.95,219,2,61.62,25.26,"Beta","ui","media","success"
14.74,7.62,226,2,66.03,8.18,"Gamma","ui","alta","rolled_back"
7.42,2.01,203,1,82.67,15.8,"Alpha","api","alta","success"
16.23,2.64,196,1,68.07,13.78,"Alpha","ui","media","success"
8.72,NA,196,1,62.91,7.27,"Delta","ui","baja","failed"
15.55,7.5,205,0,52.2,41.09,"Alpha","ui","media","success"
11.68,2.67,204,2,76.07,76.35,"Delta","ui","media","success"
18.29,8.42,208,3,90.77,29.34,"Beta","api","media","success"
10.92,1.83,208,1,68.39,4.72,"Beta","database","media","success"
24.06,7.52,231,0,81.33,18.73,"Beta","api","crítica","success"
7.44,4.82,229,1,71.6,61.78,"Beta","api","alta","success"
16.82,12.84,222,3,86.71,15.67,"Alpha","api","baja","success"
17.38,15.37,221,1,82.59,32.84,"Delta","ui","crítica","success"
16,10.82,237,3,43.67,20.41,"Beta","payments","media","success"
15.2,4.05,198,3,86.21,3.11,"Beta","api","baja","success"
11.03,5.09,226,0,91.35,37.55,"Beta","database","baja","success"
6.59,NA,251,1,86.03,NA,"Alpha","payments","media","failed"
19.28,1.87,256,1,70.47,27.96,"Gamma","database","baja","success"
6.21,2.06,212,0,73.98,18.26,"Delta","api","baja","success"
20.05,5.04,224,2,79.47,19.76,"Alpha","payments","alta","success"
21.83,4.61,221,1,89.11,23.74,"Alpha","ui","baja","success"
11.18,3.15,225,2,57.5,11.07,"Alpha","auth","media","success"
8.71,2.53,202,2,70.05,11.7,"Gamma","ui","media","success"
13.28,2.18,237,2,77.47,11.35,"Beta","database","media","success"
20.23,8.39,206,0,59.1,49.3,"Alpha","api","baja","success"
21.64,7.94,218,2,79.18,34.32,"Alpha","notifications","baja","success"
12.92,3.74,233,0,77.99,12.96,"Alpha","ui","media","success"
13.94,NA,216,2,77.93,30.1,"Gamma","api","media","failed"
13.07,2.38,199,3,54.61,19.93,"Delta","auth","alta","success"
10.17,3.59,222,1,73.9,20.9,"Alpha","api","crítica","success"
4.99,NA,216,2,NA,44.63,"Gamma","api","baja","failed"
8.52,6.36,240,1,88.29,4.36,"Beta","notifications","alta","success"
4.69,NA,216,0,92.21,7.33,"Gamma","ui","media","failed"
4.27,9.2,226,2,67.57,46.91,"Alpha","auth","baja","success"
7.11,3.96,230,3,61.41,4.99,"Gamma","ui","baja","success"
34.23,4.04,215,0,95.28,13.94,"Beta","auth","crítica","success"
15.06,2.77,221,0,90.32,5.93,"Alpha","ui","media","success"
15.84,4.76,198,1,80.35,12.84,"Gamma","auth","media","success"
14.19,4.29,177,1,91.1,33.44,"Gamma","payments","media","success"
7.66,3.83,216,NA,89.42,NA,"Gamma","database","baja","rolled_back"
7.51,2.39,197,2,82.24,23.21,"Delta","auth","baja","success"
15.88,3.44,210,1,56.5,22.94,"Beta","api","baja","success"
13.19,2.52,204,0,89.46,5.93,"Beta","api","crítica","success"
6.24,3.62,218,0,96.14,3.29,"Gamma","api","media","success"
7.57,7.12,222,0,86.8,12.46,"Delta","ui","baja","success"
8.34,1.63,229,1,79.71,41.83,"Beta","auth","alta","success"
9.54,7.64,225,NA,89.63,72,"Gamma","ui","baja","rolled_back"
15.38,7.31,210,2,84.4,26.04,"Beta","auth","alta","success"
12.1,1.88,224,2,67.16,0.73,"Alpha","notifications","crítica","success"
6.21,5.16,217,2,90.52,21.24,"Alpha","ui","baja","success"
5.69,NA,205,0,71.34,NA,"Beta","database","media","failed"
22.62,8.51,211,0,63.98,17.95,"Alpha","ui","media","success"
19.78,2.52,211,1,82.43,8.56,"Delta","database","baja","success"
10.56,2.62,223,2,69.66,0.73,"Gamma","database","baja","success"
5.8,3.37,208,1,85.85,18.4,"Delta","payments","alta","success"
7.89,13.05,182,0,56.49,10.5,"Beta","ui","alta","success"
15.76,6.73,214,0,65.28,6.33,"Alpha","ui","media","success"
7.78,5.56,244,0,68.59,6.51,"Delta","api","baja","success"
4.17,1.43,222,2,89.3,1.62,"Beta","ui","media","rolled_back"
5.25,5.62,246,1,68.36,19.15,"Gamma","ui","media","success"
18.29,NA,239,3,63.74,37.53,"Beta","api","media","failed"
10.06,1.6,243,0,91.51,61.94,"Gamma","api","alta","success"
14.19,4.36,242,1,92.44,5.47,"Beta","api","baja","success"
6.25,12.45,205,2,66.4,15.47,"Alpha","auth","baja","success"
12.16,6.87,198,0,79.7,30.4,"Beta","ui","baja","success"
6.74,18.91,223,0,62.72,6.46,"Delta","ui","baja","success"
12.28,6.36,225,0,84.96,34.34,"Alpha","ui","baja","success"
12.4,6.67,217,0,79.26,11.01,"Gamma","auth","media","success"
11.19,NA,206,2,80.76,2.5,"Beta","ui","media","failed"
6.08,12.97,212,0,68.74,7.21,"Alpha","ui","media","success"
11.52,5.04,215,2,70.11,33.05,"Alpha","database","media","success"
10.58,2.81,219,2,65.94,17.33,"Beta","auth","alta","success"
7.95,4.2,235,1,89.05,76.5,"Delta","api","media","success"
12.83,5.94,216,1,84.54,52.34,"Alpha","ui","alta","success"
11.13,5.02,221,1,86.69,4.6,"Beta","ui","baja","success"
10.22,4.45,211,1,69.21,8.14,"Alpha","database","baja","success"
6.75,8.16,213,0,84.08,50.32,"Alpha","auth","media","success"
7.27,2.95,221,1,59.3,55.24,"Gamma","auth","media","success"
18,3.45,221,1,63.32,15.38,"Delta","api","media","success"
8.46,2.63,238,0,69.91,2.58,"Gamma","api","baja","success"
6.86,4.46,207,0,70.74,2.16,"Alpha","payments","media","success"
10.21,3.99,185,2,87.51,34.22,"Delta","api","baja","success"
12.33,10.92,191,1,71.56,10.95,"Gamma","ui","media","success"
10.27,3.59,259,0,74.04,17.5,"Gamma","database","baja","success"
13.38,2.12,216,0,79.32,26.73,"Beta","api","baja","success"
12.38,NA,230,2,79.96,NA,"Gamma","payments","media","failed"
13.06,14.7,215,0,84.42,11.07,"Delta","payments","alta","success"
12.72,5.35,200,1,74,1.49,"Gamma","notifications","baja","success"
19.75,9.12,212,4,77.7,2.83,"Alpha","api","media","success"
6.01,2.65,202,1,83.59,13.26,"Delta","ui","media","success"
10.01,NA,257,1,NA,7.05,"Beta","auth","alta","failed"
9.95,3.92,237,3,85.18,11.23,"Beta","payments","baja","success"
17.91,6.39,249,0,60.27,2.07,"Gamma","payments","media","success"
8.02,2.52,247,NA,81.16,29.92,"Gamma","notifications","crítica","rolled_back"
8.85,1.05,238,2,72.24,11.63,"Beta","auth","media","success"
14.7,7.87,237,1,88.37,39.15,"Alpha","auth","baja","success"
13.08,NA,214,2,90.3,28.3,"Delta","ui","alta","failed"
17.11,5.96,217,NA,66.59,8.44,"Alpha","ui","alta","rolled_back"
5.85,2.28,224,1,73.34,4.27,"Delta","ui","alta","success"
11.53,3.83,208,3,64.89,64.08,"Gamma","payments","baja","success"
6.95,3.93,219,2,88.83,118.41,"Gamma","ui","crítica","success"
17.44,15.34,230,0,74.58,21.43,"Delta","auth","alta","success"
6.77,5.53,242,1,91.52,27.09,"Delta","ui","media","success"
9.53,2.25,237,1,85.91,55.92,"Gamma","notifications","alta","success"
13,4.21,225,0,76.07,13.23,"Gamma","api","baja","success"
4.99,6.7,204,1,NA,30.17,"Gamma","auth","baja","success"
12.36,16.31,218,2,87.02,1.75,"Gamma","api","alta","success"
8.97,6.29,203,2,78.05,4.92,"Delta","auth","alta","success"
9.99,3.73,235,1,61.51,5.99,"Delta","ui","alta","success"
10.98,7.13,225,2,87.41,31.25,"Alpha","payments","alta","success"
6.72,6.87,201,1,77.15,1.72,"Alpha","api","media","success"
11.76,3.3,229,0,71.78,8.47,"Gamma","notifications","baja","success"
15,3.19,222,2,95.75,28.2,"Gamma","api","baja","success"
5.17,12.48,226,1,NA,16.2,"Delta","api","media","success"
15.19,6.27,242,0,86.11,24.98,"Alpha","ui","media","success"
14.2,NA,223,2,79.21,5.01,"Gamma","ui","baja","failed"
7.1,5.87,227,0,98.25,1.99,"Alpha","ui","crítica","success"
12.08,8.9,224,3,87.26,17.11,"Beta","api","baja","success"
17.16,3.85,209,2,98.87,28.75,"Alpha","payments","media","success"
11.84,2.93,234,1,74.74,2.17,"Beta","payments","media","success"
9.61,8.89,222,1,37.83,3.97,"Beta","api","crítica","success"
10.24,4.1,220,0,92.86,82.45,"Gamma","notifications","baja","success"
6.19,1.21,231,1,74.78,12.19,"Gamma","payments","baja","success"
12.57,4.09,214,1,78.41,60.56,"Delta","payments","baja","success"
17.4,1.31,225,NA,55.57,9.44,"Beta","ui","alta","rolled_back"
9.76,8.22,229,0,85.42,5.18,"Gamma","ui","baja","success"
7.49,9.45,208,0,75.24,1.45,"Alpha","database","alta","success"
15.06,6.19,248,2,80.53,3.78,"Delta","payments","baja","success"
7.19,NA,196,1,56.83,NA,"Beta","payments","alta","failed"
5.33,NA,192,2,77.77,NA,"Gamma","auth","crítica","failed"
15.82,6.83,204,NA,84.82,29.37,"Beta","database","crítica","rolled_back"
10.96,NA,211,2,78.32,32.9,"Gamma","api","baja","failed"
5.73,2.9,193,3,79.4,6.2,"Delta","api","media","success"
12.34,6.3,200,0,69.61,5.12,"Alpha","auth","alta","success"
19.89,8.59,225,2,86.08,10.5,"Alpha","payments","alta","success"
11.28,5.67,214,2,55.6,48.89,"Alpha","api","baja","success"
17.72,2.44,203,1,74.25,51.5,"Beta","payments","media","success"
31.63,7.66,201,3,71.39,32.49,"Alpha","auth","crítica","success"
7.34,2.23,217,1,77.97,23.1,"Alpha","ui","media","success"
14.9,1.45,214,1,23.28,17.2,"Alpha","notifications","alta","success"
10.6,NA,228,0,91.25,15.87,"Gamma","auth","baja","failed"
12.45,6.59,226,NA,64.88,6.47,"Alpha","api","baja","rolled_back"
10.99,3.6,241,2,92.48,13.74,"Gamma","api","alta","success"
18.67,8.78,219,2,79.95,4.53,"Beta","api","alta","success"
11.86,7.92,233,1,76.67,27.54,"Alpha","api","baja","success"
12.63,7.01,224,3,86.15,23.62,"Delta","api","media","success"
3.79,7.29,194,3,58.45,53,"Alpha","payments","media","success"
6.93,3.78,227,2,84.87,21.08,"Beta","payments","baja","success"
3.36,9.81,233,2,NA,0.52,"Gamma","api","alta","success"
11.39,2.3,205,2,75.94,12.66,"Alpha","api","baja","success"
13.23,NA,254,0,63.66,68.65,"Alpha","ui","media","failed"
4.89,1.71,223,2,66.78,5.96,"Delta","auth","baja","success"
13.07,6.59,199,3,48.91,14.87,"Beta","api","media","success"
22,4,241,2,68.88,22.37,"Alpha","ui","crítica","success"
19.46,3.02,216,2,92.32,17.16,"Delta","auth","baja","success"
11.15,8.4,225,0,80.63,54.83,"Gamma","database","media","success"
9.6,6.01,239,3,78.91,7.28,"Alpha","api","alta","success"
6.52,5.78,230,1,92.5,26.93,"Alpha","ui","baja","success"
6.62,NA,232,2,84.24,39.49,"Alpha","auth","baja","failed"
9.27,7.9,198,0,79.16,15.71,"Gamma","payments","alta","success"
9.69,4.5,212,1,77.48,79.72,"Alpha","api","baja","success"
13.68,16.93,230,NA,65.91,6.17,"Gamma","database","media","rolled_back"
26.9,12.6,224,0,91.47,0.92,"Alpha","ui","media","success"
11.04,6.42,194,1,75.04,10.69,"Delta","notifications","baja","success"
21.43,4.4,208,0,71.42,11.97,"Alpha","ui","media","success"
11.48,5.83,234,2,86.72,2.78,"Gamma","api","media","success"
20.76,NA,211,0,82.64,20.25,"Gamma","database","crítica","failed"
10.45,NA,239,0,76.98,62.09,"Alpha","api","baja","failed"
20.54,7.76,221,3,56.75,27.91,"Delta","api","baja","success"
11.95,11.24,224,0,66.57,5.53,"Gamma","api","baja","success"
8.96,8.4,238,0,69.66,16.42,"Gamma","api","media","success"
8.56,14.99,225,2,47.91,39.82,"Beta","auth","baja","success"
7.76,3.17,215,1,62.63,1.53,"Beta","api","media","success"
9.34,5.39,216,0,62.45,12.28,"Beta","database","baja","success"
10.32,3.93,219,1,53.02,18.16,"Gamma","ui","media","success"
11.11,13.6,232,1,44.96,9.06,"Beta","api","baja","success"
8.95,4.09,212,2,90.51,18.42,"Gamma","payments","alta","success"
3.89,1.71,222,1,NA,5.22,"Delta","auth","alta","success"
12.48,6.46,212,0,90.8,3.34,"Gamma","api","media","success"
20.89,2.21,214,0,61.73,45.87,"Gamma","api","crítica","success"
5.82,NA,216,1,37.44,NA,"Beta","auth","alta","failed"
12.08,4.38,209,1,89.84,2.34,"Delta","ui","alta","success"
9.77,8.56,185,3,78.71,64.27,"Beta","api","baja","success"
9,10.83,211,2,77.83,27.03,"Beta","auth","alta","success"
6.76,3.15,201,2,73.58,8.58,"Delta","ui","media","success"
4.54,1.24,200,1,95.96,11.85,"Gamma","api","media","success"
9.45,2.81,227,3,96.78,82.7,"Beta","api","alta","success"
8.8,9.47,217,1,59.78,3.4,"Alpha","database","baja","success"
3.65,4.03,224,0,31.92,4.48,"Beta","ui","media","success"
14.09,3.17,221,2,88.44,15.22,"Beta","ui","media","success"
14.33,8.11,229,0,74.86,76.67,"Alpha","notifications","media","success"
14.23,3.68,237,1,87.36,43.38,"Alpha","notifications","alta","success"
11.21,3.51,233,2,90.04,47.3,"Gamma","ui","media","success"
18.47,9.94,214,0,82.96,89.32,"Delta","auth","crítica","success"
6.63,6.79,216,1,86.81,6.6,"Delta","auth","baja","success"
11.82,10.74,241,1,88.65,1.62,"Beta","api","media","success"
16.21,4.37,206,1,69.6,1.28,"Gamma","auth","media","success"
15.68,NA,245,3,81.32,51.42,"Beta","payments","baja","failed"
5.82,9.01,228,2,88.39,44.19,"Beta","api","baja","success"
11.83,4.03,221,2,90.11,3.28,"Beta","auth","baja","success"
12.12,NA,229,1,89.37,5.79,"Gamma","api","baja","failed"
14.83,3.82,244,0,89.67,10.57,"Beta","ui","media","success"
15.16,8.51,192,2,69.15,13.36,"Beta","ui","baja","success"
2.58,3.57,225,2,83.99,10.89,"Beta","auth","baja","success"
13.95,NA,215,0,65.98,NA,"Delta","api","baja","failed"
15.43,NA,218,1,70.23,NA,"Beta","api","baja","failed"
8.09,4.49,219,1,95.9,19.23,"Delta","database","media","success"
15,7.49,211,1,85.91,5.96,"Beta","ui","media","success"
11.85,7.38,209,0,54.7,20.48,"Beta","api","alta","success"
16.02,13.04,224,1,33,36.62,"Beta","api","baja","success"
9.97,10.09,205,3,81.02,1.72,"Beta","database","baja","success"
21.67,NA,190,0,82.52,8.55,"Alpha","database","baja","failed"
10.66,1.86,234,3,69.12,0.58,"Alpha","auth","baja","success"
7.76,12.09,223,1,85.18,24.62,"Gamma","database","media","success"
12.14,3.4,218,2,86.84,3.44,"Alpha","ui","media","success"
12.42,4.97,217,0,82.35,19.36,"Gamma","ui","media","success"
13.06,9.65,231,2,51.39,18.84,"Gamma","notifications","baja","success"
9,5.12,215,2,82.36,5.63,"Gamma","ui","media","success"
9.26,NA,205,2,84.3,1.36,"Gamma","auth","alta","failed"
6.89,3.83,228,2,53.42,38.27,"Gamma","auth","baja","success"
9.42,9.88,215,0,45.33,8.7,"Gamma","database","media","success"
12.25,6.42,219,3,74.78,8.59,"Alpha","ui","baja","success"
13.5,10.32,209,NA,66.74,53.02,"Gamma","database","baja","rolled_back"
4.62,5.42,239,3,96.54,35,"Beta","auth","media","success"
9.73,3.99,204,1,73.36,5.53,"Beta","auth","baja","success"
17.55,1.28,197,0,75.73,0.91,"Beta","api","baja","rolled_back"
9.73,9.19,227,1,84.35,4.76,"Delta","api","baja","success"
14.19,4.56,227,0,52.32,0.56,"Alpha","api","media","success"
15.93,6.99,220,0,61.96,4.71,"Alpha","notifications","media","success"
6.03,2.87,226,1,95.05,29.35,"Alpha","api","media","success"
8.06,10.66,239,0,82.62,27.76,"Delta","payments","media","success"
15.54,1.83,253,0,51.81,22.61,"Gamma","auth","media","success"
8.23,2.54,212,2,83.83,3.06,"Delta","api","media","success"
7.9,6.33,232,1,94.88,0.9,"Beta","auth","alta","success"
5.44,5.32,212,1,84.24,56.75,"Delta","ui","alta","success"
15.86,5.27,234,0,88.19,21.62,"Beta","ui","baja","success"
19.32,3.12,234,0,56.4,3.66,"Alpha","database","media","success"
9.06,7.22,194,0,81.81,18.03,"Delta","api","baja","success"
13.89,10.6,227,0,43.77,46.38,"Alpha","api","baja","success"
18.66,NA,216,1,91.83,16.06,"Gamma","ui","baja","failed"
9.24,5.76,236,0,90.16,44.97,"Beta","ui","media","success"
8.41,3.41,231,0,68.96,24.73,"Delta","api","baja","success"
17.18,2.66,196,0,81.83,61.52,"Delta","auth","media","success"
14.83,4.7,234,1,86.1,5.84,"Alpha","api","baja","success"
8.87,7.9,226,2,71.77,15.56,"Beta","payments","crítica","success"
9.1,NA,208,1,74.17,14.19,"Gamma","auth","alta","failed"
6.85,7.07,242,6,79.27,11.19,"Gamma","ui","media","success"
7.61,6.54,201,NA,82.37,15.52,"Beta","ui","alta","rolled_back"
11.56,7.75,220,3,74.1,0.95,"Delta","api","baja","success"
10.97,NA,214,0,66.22,NA,"Gamma","auth","media","failed"
9.76,2.49,199,1,79.83,1.13,"Gamma","api","crítica","success"
9.25,2.51,206,0,76.51,56.69,"Beta","api","media","success"
11.54,5.01,224,3,85.98,3.98,"Alpha","auth","baja","success"
22.32,NA,219,3,49.73,NA,"Alpha","api","crítica","failed"
21.24,NA,226,1,76.69,1.08,"Gamma","api","alta","failed"
10.37,5.39,225,2,76.05,7.42,"Alpha","ui","alta","success"
17.8,3.65,235,4,80.02,9.95,"Beta","ui","baja","success"
11.66,2.88,229,2,74.85,4.03,"Alpha","auth","baja","success"
14.38,6.25,230,2,76.93,65.99,"Delta","notifications","media","success"
10.44,5.44,203,2,79.29,3.68,"Delta","payments","alta","success"
6.84,9.24,219,1,90.53,5.56,"Alpha","api","media","success"
12.17,9.89,242,2,78.68,21.46,"Alpha","notifications","baja","success"
13.21,2.99,216,2,91.51,10.59,"Beta","notifications","media","success"
8.96,9.25,241,3,95.3,5.53,"Gamma","api","alta","success"
22.11,4.06,217,0,63.84,42.05,"Beta","api","crítica","success"
5.77,7.88,234,1,66.85,0.72,"Alpha","ui","media","success"
6.01,3.81,193,2,77.94,18.56,"Delta","ui","media","success"
18.56,NA,260,1,65.77,19.27,"Alpha","database","baja","failed"
6.75,4.68,227,2,58.75,6.93,"Delta","auth","baja","success"
11.92,2.25,241,1,68.42,46.95,"Alpha","auth","crítica","success"
16.89,10.95,216,0,88.95,NA,"Alpha","api","baja","rolled_back"
17.62,16.71,229,3,78.75,4.27,"Gamma","api","crítica","success"
13.83,6.66,234,1,49.45,8.62,"Delta","api","media","success"
3.83,3.79,215,2,93.24,11.43,"Beta","api","alta","success"
11.07,3.93,232,0,82.03,3.59,"Alpha","auth","media","success"
13.79,7.3,231,1,86.91,26.13,"Delta","ui","alta","success"
5.58,6.62,237,0,94.6,38.33,"Beta","auth","media","success"
16.91,5.05,229,0,76.12,21.69,"Gamma","auth","baja","success"
9.63,12.6,214,1,89.26,38.61,"Beta","api","alta","success"
8.42,4.66,206,2,63.08,3.43,"Gamma","auth","media","success"
9.23,3.6,224,1,85.41,1.76,"Alpha","ui","media","success"
18.01,12.06,206,0,52.77,10.2,"Beta","notifications","alta","success"
14.58,2.1,192,0,90.2,25.21,"Beta","ui","alta","success"
3.61,4.71,214,1,93.04,2.41,"Gamma","ui","baja","success"
7.57,5.63,225,0,78.77,2.84,"Alpha","ui","baja","success"
5,5.56,220,2,25.54,44.32,"Beta","api","alta","success"
20.27,4.95,196,0,75.18,8.51,"Beta","ui","baja","success"
25.08,8.88,199,1,89.36,13.06,"Gamma","payments","media","success"
14.27,5.22,242,1,71.28,13.11,"Beta","api","media","success"
8.84,4.16,226,2,76.81,36.82,"Gamma","api","baja","success"
4.23,13.08,213,1,81.45,21.46,"Alpha","database","baja","success"
15.03,2.84,194,0,69.75,31.05,"Alpha","auth","baja","success"
26.56,2.64,246,0,88.9,8.72,"Beta","database","alta","success"
16.13,8.56,219,1,84.53,22.67,"Alpha","auth","alta","success"
5.77,3.23,208,0,72.82,10.93,"Gamma","notifications","alta","success"
21.1,NA,233,0,62.82,13.08,"Delta","auth","media","failed"
6.17,9.16,198,1,65.99,19.13,"Beta","ui","baja","success"
5.77,4.77,237,1,95.76,10.74,"Beta","api","alta","success"
4.45,9.92,214,2,NA,12.07,"Gamma","api","media","success"
7.31,4.4,211,2,51.53,16.05,"Delta","auth","alta","success"
5.74,5.04,229,1,77.11,73.49,"Alpha","ui","alta","success"
13.85,NA,241,1,81.55,15.42,"Beta","database","baja","failed"
7.66,2.09,205,1,85.66,21.54,"Delta","auth","alta","success"
16.33,3.09,209,1,83.1,3.17,"Delta","auth","media","success"
12.86,7.48,219,1,89.51,49.81,"Beta","auth","alta","success"
13.95,8.53,215,0,67.94,70.05,"Delta","auth","media","success"
5.58,5.23,214,1,74.92,18.02,"Beta","api","alta","success"
8.58,1.11,227,0,76.87,5.43,"Beta","ui","baja","success"
9.55,NA,222,0,88.79,NA,"Alpha","ui","baja","failed"
14.48,2.76,207,2,56.14,11.95,"Beta","auth","baja","success"
8.37,2.47,225,1,90.92,6.61,"Alpha","payments","media","success"
12.79,3.83,241,2,92.73,4.64,"Beta","payments","media","success"
8.7,2.16,232,1,60.77,2.04,"Gamma","ui","media","success"
8.1,4.96,199,2,85.74,20.77,"Gamma","auth","alta","success"
13.26,9.71,223,0,88.03,55.27,"Beta","payments","baja","success"
9.53,2.59,221,0,94.05,45.85,"Beta","payments","alta","success"
9.96,4.47,209,2,65.72,8.74,"Gamma","notifications","media","success"
9.71,NA,191,2,87.03,15.43,"Alpha","ui","alta","failed"
4.62,7.91,236,1,93.18,33.5,"Gamma","database","baja","success"
18.99,5.88,216,2,77.02,44.23,"Delta","ui","baja","success"
5.99,13.58,214,0,88.22,7.24,"Alpha","auth","baja","success"
7.4,5.47,217,0,78.62,10.75,"Alpha","ui","media","success"
19.5,4.03,206,2,82.17,1.7,"Beta","payments","alta","success"
16.11,9.61,212,1,52.64,9.04,"Beta","database","baja","success"
16.65,3.44,228,1,69.8,37.13,"Alpha","database","baja","success"
11.97,5.61,225,2,79.42,71.33,"Alpha","database","media","success"
9.21,2.28,236,1,84.48,15.19,"Gamma","auth","baja","success"
10.32,2.26,215,0,66.33,123.33,"Gamma","auth","media","success"
4.37,NA,215,3,53.04,43.57,"Beta","api","media","failed"
6.09,7.56,205,1,81.87,41.06,"Alpha","ui","media","success"
9.2,5.44,214,1,83.86,67.05,"Beta","ui","media","success"
12.13,5,222,0,82.53,31.45,"Delta","ui","alta","success"
10.28,5.85,229,0,88.88,14.8,"Delta","api","media","success"
8.69,8.64,237,0,89.41,73.38,"Gamma","ui","baja","success"
16.46,13.1,218,NA,73.6,45.35,"Alpha","api","media","rolled_back"
10.08,2.81,211,1,87.43,3.75,"Delta","auth","alta","success"
6.98,5.4,214,0,90.38,51.49,"Gamma","ui","media","success"
15.5,7.87,210,1,55.28,73.69,"Gamma","ui","media","success"
7.28,7.15,210,1,85.53,10.82,"Beta","ui","media","success"
7.89,14.92,223,0,81.48,18.12,"Gamma","api","baja","success"
21.93,8.08,224,3,60.34,39.98,"Alpha","payments","alta","success"
10.07,5.82,233,1,87.37,10.08,"Beta","api","baja","rolled_back"
13.51,NA,199,2,90.75,77.03,"Gamma","api","baja","failed"
10.24,3.19,233,1,85.83,6.88,"Beta","ui","alta","success"
5.6,NA,227,1,66.72,NA,"Alpha","auth","media","failed"
6.34,2.21,218,1,70.91,48.39,"Beta","notifications","alta","success"
8.39,2.52,228,1,87,45.37,"Alpha","database","baja","success"
4.02,3.4,200,1,NA,20.68,"Beta","ui","baja","success"
15.17,NA,220,0,80.33,7.69,"Beta","ui","alta","failed"
15.04,NA,229,1,50.05,NA,"Alpha","auth","baja","failed"
7.09,8.58,205,1,80.57,4.03,"Beta","auth","baja","success"
9.66,5.78,247,0,84.35,51.64,"Beta","auth","baja","success"
10.74,4.56,204,2,87.05,10.71,"Beta","api","alta","success"
16.72,3.16,245,0,NA,26.34,"Gamma","auth","baja","success"
5.69,3.38,217,3,92.12,75.47,"Gamma","ui","media","success"
4.7,13.79,210,1,NA,2.01,"Delta","api","alta","success"
11.8,6.27,214,1,96.14,12.29,"Delta","api","baja","success"
10.53,2.14,247,1,52.48,7.54,"Alpha","auth","baja","success"
16.05,4.07,203,1,75.21,35.57,"Gamma","ui","baja","rolled_back"
7.86,3.37,211,3,86.55,0.76,"Gamma","ui","crítica","success"
16.06,3.66,226,0,60.87,11.46,"Alpha","ui","crítica","success"
9.43,6.52,234,NA,58.75,NA,"Alpha","ui","alta","rolled_back"
11.13,NA,202,1,80.17,33.98,"Alpha","notifications","media","failed"
15.39,2.84,251,1,74.68,NA,"Delta","api","media","rolled_back"
10.77,3.18,207,1,70.81,5.34,"Beta","api","alta","success"
4.18,4.2,218,1,70.45,34.39,"Alpha","auth","media","success"
7.25,3.56,223,1,57.75,3.7,"Gamma","api","media","success"
2.47,NA,226,0,84.66,34.52,"Gamma","ui","alta","failed"
10.69,3.27,225,0,81.51,16.45,"Gamma","auth","alta","success"
8.7,7.96,230,1,73.8,6.77,"Gamma","payments","media","success"
7.8,5.8,202,1,57.18,24.89,"Beta","auth","crítica","success"
8.98,NA,220,0,68.95,NA,"Alpha","api","media","failed"
10.32,6.83,217,2,64.83,33.89,"Gamma","database","media","success"
15.88,6.58,222,2,72.01,2.25,"Beta","auth","media","success"
13.84,3.02,211,1,93.71,34.04,"Beta","payments","baja","success"
9.94,9.27,211,3,89.34,3.98,"Alpha","database","media","success"
12.68,5.46,221,0,NA,36.07,"Alpha","api","media","success"
10.78,9.88,243,2,88.18,31.68,"Beta","api","baja","success"
15.54,6.78,216,2,88.55,8.75,"Gamma","database","media","success"
16.71,3.89,215,0,83.49,3.46,"Beta","ui","media","success"
4.93,NA,215,1,NA,6.27,"Beta","auth","baja","failed"
5.66,13.76,215,0,90.67,1.95,"Delta","ui","media","success"
15.21,NA,231,0,68.32,7.06,"Beta","payments","crítica","failed"
6.52,NA,241,0,65.09,9.69,"Gamma","auth","baja","failed"
6.54,4.22,196,1,82.93,21.46,"Gamma","auth","media","success"
10.28,3.06,237,3,57.53,77.94,"Beta","database","media","success"
10.81,3.14,261,1,67.58,232.44,"Alpha","auth","baja","success"
9.56,9.27,218,3,84.52,28.31,"Delta","payments","alta","success"
13.26,6.27,227,1,75.51,31.25,"Gamma","auth","media","success"
7.34,5.41,227,1,50.38,55.77,"Beta","auth","media","success"
18.09,NA,210,1,79.3,25.04,"Alpha","ui","baja","failed"
8.93,2.48,215,1,60.18,17.03,"Beta","payments","alta","success"
10.1,8.46,216,3,75.79,18.51,"Beta","api","baja","success"
5.99,11.23,232,3,69.07,3.48,"Delta","auth","media","success"
19.07,8.75,211,1,86.4,17.25,"Delta","ui","crítica","success"
17.68,4.78,222,1,50.48,15.77,"Beta","auth","baja","success"
7.7,6.79,225,1,73.5,26.19,"Delta","api","baja","success"
6.27,6.69,201,NA,79.9,32.25,"Gamma","notifications","alta","rolled_back"
8.41,6.15,213,1,87.11,3.96,"Delta","ui","baja","rolled_back"
8.05,2.37,217,0,86.42,10.51,"Beta","api","baja","success"
12.26,4.14,236,2,75,3.54,"Alpha","ui","baja","success"
14.59,4.88,221,1,89.97,44.72,"Delta","ui","media","success"
5.92,NA,234,3,69.54,4.56,"Alpha","ui","alta","failed"
7.42,NA,228,4,79.76,4.16,"Delta","auth","baja","failed"
9.72,7.59,222,1,98.16,16.18,"Beta","auth","media","success"
7.89,NA,239,1,75.39,67.48,"Gamma","auth","media","failed"
19.75,NA,218,2,84.63,24.24,"Beta","payments","media","failed"
8.8,7.87,204,0,80.89,31.61,"Gamma","notifications","media","success"
4.95,4.41,238,0,89.35,33.42,"Gamma","database","baja","success"
3.9,NA,220,3,70.5,2.63,"Delta","ui","baja","failed"
11.06,5.36,225,2,67.51,14.94,"Delta","api","media","success"
5.01,4.23,220,1,83.6,21.26,"Alpha","ui","baja","success"
13.85,15.63,235,1,71.25,20.74,"Gamma","ui","media","success"
6.57,6.19,240,3,89.59,30.04,"Alpha","auth","baja","success"
7.02,NA,200,2,78.11,NA,"Gamma","ui","alta","failed"
6.32,5.15,213,1,63.79,38.51,"Alpha","api","baja","success"
9.6,4.16,210,NA,66.21,NA,"Gamma","api","media","rolled_back"
14.86,2.93,205,1,63.59,18.99,"Beta","ui","media","success"
15.57,NA,242,1,84.76,11.08,"Beta","notifications","media","failed"
16.39,11.36,201,3,49.49,7.79,"Beta","notifications","baja","success"
16.99,6.32,204,0,82.57,4.42,"Beta","database","media","success"
11.69,3.2,197,2,80.69,45.9,"Beta","ui","media","success"
11.07,15.14,208,2,89.57,23.66,"Beta","database","media","success"
6.35,2.78,221,0,91.99,19.9,"Delta","database","alta","success"
13.98,5.27,213,2,90.44,12,"Alpha","auth","crítica","success"
19.27,NA,227,1,44.14,19.16,"Alpha","ui","crítica","failed"
10.75,5.21,231,0,88.07,5.18,"Gamma","notifications","media","success"
12.77,4.11,256,2,90.21,28.44,"Delta","ui","alta","success"
14.11,9.38,216,3,78.79,17.67,"Delta","auth","baja","success"
6.8,NA,225,0,70.2,NA,"Alpha","ui","media","failed"
14.79,2.63,224,1,60.08,22.5,"Delta","api","alta","success"
5.59,4,223,0,88,9.77,"Delta","api","baja","success"
5.43,6.1,223,2,NA,3.19,"Gamma","api","crítica","success"
11.36,2.68,228,0,91.19,41.57,"Alpha","ui","baja","success"
18.75,5.7,226,2,85.69,19.67,"Delta","database","media","success"
13.04,NA,225,0,93.23,45.43,"Gamma","ui","media","failed"
15.05,4.92,232,2,69.35,5.81,"Gamma","api","baja","success"
7.85,4.3,200,1,75.13,36.55,"Delta","ui","alta","success"
11.64,5.1,235,1,57.99,6.76,"Gamma","api","alta","success"
12,5.48,271,2,74.16,4.31,"Beta","notifications","alta","success"
16.24,10.01,257,1,79.23,25.07,"Delta","ui","baja","success"
10.2,3.33,231,0,63.96,16.42,"Alpha","api","alta","success"
8.07,1.59,198,1,84.21,20.5,"Beta","database","media","success"
9.73,15.08,207,0,94.94,23.76,"Gamma","auth","crítica","success"
9.83,5.36,225,1,78.73,41.34,"Alpha","ui","alta","success"
4.22,8.98,226,0,NA,0.76,"Gamma","auth","media","success"
13.4,3.07,210,4,93.26,101.83,"Alpha","payments","alta","success"
8.71,7.49,218,1,65.02,24.63,"Delta","notifications","media","success"
14.55,9.29,234,2,76.67,0.69,"Alpha","auth","baja","success"
3.53,8.84,202,2,NA,51.41,"Delta","api","media","success"
7.77,3.55,225,0,94.78,13.24,"Beta","payments","baja","success"
7.56,1.6,205,0,64.21,19.07,"Alpha","ui","media","success"
11.69,4.84,253,2,81.47,8.76,"Delta","auth","alta","success"
14.63,9.69,198,0,97.06,16.23,"Alpha","notifications","baja","success"
13.44,5.33,207,1,78.31,5.17,"Beta","api","crítica","success"
10.73,5.85,230,3,96.28,4.53,"Alpha","ui","media","success"
13.67,6.27,192,2,82.91,5.8,"Beta","notifications","alta","success"
9.62,6.26,217,0,80.35,12.65,"Beta","api","media","success"
14.08,5.05,217,1,60.53,96.06,"Gamma","api","alta","success"
11.38,3.62,219,1,75.34,18.85,"Beta","api","baja","success"
12.53,7.26,209,NA,52.16,25.55,"Alpha","ui","media","rolled_back"
15.48,4.3,216,2,75.14,9.49,"Alpha","ui","media","success"
23.91,5.21,193,2,93.71,17.76,"Delta","api","baja","success"
6.92,5.01,224,NA,92.69,NA,"Gamma","ui","baja","rolled_back"
9.75,1.96,221,0,89.45,NA,"Delta","api","alta","rolled_back"
13.54,4.38,221,0,73.02,17.55,"Alpha","api","baja","success"
7.79,6.44,205,1,73.07,3.87,"Beta","auth","media","success"
12.78,5.91,230,NA,74.83,25.87,"Beta","ui","baja","rolled_back"
10.34,5.32,246,1,74.89,57.29,"Alpha","api","media","success"
4.87,7.07,223,0,90.72,30.89,"Beta","api","baja","success"
5.29,7.91,210,1,93.03,29.48,"Gamma","database","baja","success"
9.63,13.72,239,2,77.48,22.89,"Beta","database","baja","success"
5.41,1.71,228,1,66.95,30.04,"Alpha","api","baja","success"
12.19,10.97,221,1,74.37,37.53,"Gamma","api","media","success"
16.89,3.56,233,4,86.44,43.57,"Alpha","ui","media","success"
10.04,6.17,244,0,71.02,11.83,"Gamma","database","crítica","success"
8.16,7.44,240,1,86.63,11.14,"Gamma","api","baja","success"
15.07,NA,205,2,69.47,NA,"Alpha","notifications","alta","failed"
8.71,2.73,221,0,75.38,61.72,"Beta","payments","media","success"
7.24,8.29,228,2,82.05,2.45,"Alpha","payments","crítica","success"
24.28,3.65,212,2,90.12,33.28,"Alpha","api","media","success"
8.79,4.11,227,2,61.43,6.02,"Alpha","api","baja","success"
11.2,5.04,212,0,51.88,5.24,"Gamma","auth","baja","success"
6.91,8.88,227,2,90.18,24.96,"Delta","auth","baja","success"
6.24,7.2,217,0,56.27,14.81,"Beta","payments","alta","success"
5.46,NA,216,1,70.54,11.05,"Alpha","ui","baja","failed"
5.07,5.01,196,3,61.02,71.09,"Delta","database","alta","success"
16.7,4.68,218,0,81.85,5.63,"Delta","ui","baja","success"
7.46,7.03,226,0,69.7,38.27,"Beta","api","baja","success"
6.6,2.69,241,2,73.42,10.33,"Beta","auth","media","success"
12.81,6.15,229,1,71.49,67.97,"Delta","auth","media","success"
8.89,9.64,244,2,92.04,8.65,"Gamma","auth","baja","success"
13.9,5.85,194,2,63.17,25.08,"Beta","ui","baja","success"
12.44,4.51,218,4,86.27,11.65,"Alpha","ui","alta","success"
14.16,4.05,200,1,79.27,56.14,"Gamma","api","baja","success"
8.19,NA,216,0,78.83,5.92,"Alpha","api","alta","failed"
8.34,NA,228,1,67.85,28.84,"Gamma","payments","media","failed"
8.98,1.97,207,0,49.98,47.61,"Gamma","database","media","success"
11.67,3.38,187,2,96.28,54.89,"Alpha","database","media","rolled_back"
6.97,1.31,228,0,67.06,4.03,"Beta","ui","media","success"
4.11,NA,213,0,98.67,2.1,"Gamma","api","baja","failed"
15.43,5.07,246,0,87.49,19.71,"Beta","database","media","success"
9.4,8.29,210,3,84.35,41.24,"Beta","auth","media","success"
14.64,4.13,217,1,86.27,30.43,"Alpha","api","media","success"
4.2,NA,198,1,81.09,54.4,"Alpha","notifications","alta","failed"
7.79,5.14,231,0,67.25,60.17,"Alpha","api","media","success"
17.54,3.7,222,1,72.24,10.58,"Alpha","ui","baja","success"
14.61,NA,232,1,80.23,NA,"Delta","notifications","alta","failed"
7.66,6.19,210,0,90.25,13.85,"Beta","ui","alta","success"
10.87,6.54,215,2,70.88,36.72,"Beta","auth","media","success"
13.84,3.59,243,1,62.71,31.28,"Beta","payments","media","success"
12.89,1.9,214,1,83.69,25.62,"Beta","notifications","alta","success"
10.15,7.65,207,2,96.41,31.48,"Beta","database","baja","success"
3.83,11.09,239,2,95.14,5.71,"Delta","auth","baja","success"
4.91,4.22,221,1,58.32,36.06,"Beta","database","alta","success"
8.54,2.31,223,1,78.94,30.86,"Gamma","ui","alta","success"
9.65,NA,237,2,54.76,64.46,"Delta","database","baja","failed"
8.98,1.66,219,2,91.99,5.78,"Delta","api","media","success"
11.17,8.11,228,1,81.3,1.8,"Gamma","payments","baja","success"
8.12,10.82,228,2,85.61,11.44,"Beta","api","media","success"
13.87,13.23,237,0,91.93,13.84,"Alpha","database","crítica","success"
10.21,2.1,236,1,70.43,26.29,"Delta","database","crítica","success"
12.36,1.77,230,1,57.46,27.74,"Delta","database","media","success"
9.15,4.51,225,0,89.47,17.9,"Alpha","notifications","baja","success"
15.56,7.48,243,1,57.58,23.97,"Gamma","api","baja","success"
13.43,10.56,193,2,77.29,6.27,"Beta","auth","baja","success"
8.27,7.83,211,0,85.51,10.05,"Delta","api","media","success"
24.58,6.81,239,2,77.82,NA,"Alpha","ui","baja","rolled_back"
6.26,5.74,239,0,67.47,21.54,"Gamma","ui","baja","success"
10.04,3.91,213,1,85.36,8.74,"Alpha","api","media","success"
19.59,3.92,222,1,83.82,9.35,"Delta","ui","media","success"
16.93,6.32,217,2,81.12,7.13,"Delta","database","baja","success"
8.2,7.55,217,0,93.24,84.4,"Delta","payments","alta","success"
15.58,2.62,230,1,64.59,16.06,"Alpha","api","media","success"
9.72,5.36,223,1,82.46,12,"Alpha","api","baja","success"
11.28,NA,206,1,83.87,9.55,"Delta","api","alta","failed"
20.01,3.59,228,0,85.69,11.15,"Beta","api","media","success"
10.21,5.56,186,0,70.54,32.24,"Gamma","payments","media","success"
9.17,7.78,215,0,76.04,13.24,"Beta","api","alta","success"
10.63,2.74,246,5,48.67,4.23,"Gamma","ui","alta","success"
4.48,NA,227,1,75.45,38.71,"Delta","api","media","failed"
5.39,3.05,229,1,87.25,4.65,"Beta","api","media","success"
12.7,7.27,200,2,65.63,15.59,"Gamma","database","alta","success"
7.94,7.4,218,1,72.65,39.56,"Delta","api","media","success"
10.2,6.65,212,0,71.71,37.78,"Alpha","notifications","media","success"
8.99,12.32,208,1,87.56,35.98,"Beta","auth","alta","success"
13.58,15.01,247,1,79.61,8.26,"Alpha","database","media","success"
10.2,2.7,222,0,87.87,24.14,"Alpha","api","alta","success"
19.03,NA,207,1,82.58,38.49,"Gamma","notifications","media","failed"
10.52,5.95,214,1,81.04,5.79,"Delta","ui","alta","success"
6.76,5.95,230,2,92.9,33.05,"Beta","api","baja","success"
13.93,12.07,180,1,87.72,64.74,"Beta","database","alta","success"
8.06,7.58,232,0,58.56,1.75,"Delta","api","media","success"
3.55,2.39,210,0,67.4,19.59,"Gamma","api","alta","success"
11.25,NA,224,2,NA,64.04,"Delta","ui","media","failed"
9.66,7.82,254,3,70.16,7.59,"Alpha","api","media","success"
9.08,4.45,238,3,47.79,46.98,"Gamma","auth","media","success"
16.27,NA,190,4,91.08,41.17,"Delta","notifications","media","failed"
24.47,10.78,200,0,88.62,14,"Beta","auth","media","success"
6.75,3.4,229,0,92.33,4.72,"Gamma","auth","baja","success"
17.63,3.85,233,2,76.97,6.48,"Gamma","database","alta","success"
5.08,4.69,220,2,63.04,13.63,"Beta","database","media","success"
20.34,NA,215,2,96.08,11.24,"Delta","auth","media","failed"
6.41,2.95,245,2,80.87,15.75,"Gamma","database","media","success"
4.64,6.89,230,2,NA,31.08,"Alpha","auth","baja","success"
11.09,NA,191,4,84.71,9.06,"Beta","auth","baja","failed"
9.81,3.42,216,2,58.15,18.88,"Beta","ui","media","rolled_back"
10.08,2.82,188,0,92.86,7.68,"Alpha","database","media","success"
7.84,6.46,235,2,59.02,16.5,"Gamma","ui","alta","success"
16.58,NA,193,0,85.77,9.34,"Delta","notifications","media","failed"
14.54,5.41,222,0,49.06,38.05,"Gamma","payments","alta","success"
11.83,3.92,201,0,85.4,NA,"Beta","notifications","media","rolled_back"
12.12,3.31,203,2,92.55,2.81,"Gamma","auth","media","success"
16.78,7.39,239,1,80.8,24.42,"Gamma","notifications","baja","success"
16.16,7.9,221,0,63.39,23.75,"Beta","auth","alta","success"
9.96,NA,202,1,93.09,17.76,"Beta","api","alta","failed"
7.75,3.67,213,1,78.45,7.42,"Alpha","api","crítica","success"
18.48,6.1,220,2,82.28,3.96,"Beta","payments","crítica","rolled_back"
6.28,5.74,193,2,77.53,7.86,"Delta","ui","media","success"
22.13,3.69,235,2,57.4,5.67,"Delta","api","media","success"
8.04,8.35,235,0,83.44,93.61,"Delta","api","baja","success"
17.34,NA,213,0,74.29,NA,"Alpha","ui","crítica","failed"
10.65,4.53,217,1,76.55,4.66,"Alpha","auth","media","success"
15.36,3.12,244,3,72.8,94.24,"Gamma","api","baja","success"
21.67,13.48,216,0,65.66,6.66,"Alpha","database","media","success"
16.03,3.31,201,0,74.3,7.06,"Alpha","api","media","success"
8.67,7.13,223,0,82.64,105.79,"Alpha","api","baja","success"
15.97,10.33,213,3,90.67,35.26,"Alpha","ui","media","success"
23.97,2.72,229,1,82.83,20.55,"Delta","auth","baja","success"
14.58,12.31,245,2,85.17,1.5,"Alpha","api","baja","success"
12.03,2.88,219,1,76.64,16.05,"Gamma","ui","media","success"
8.48,NA,224,1,82.43,49.89,"Alpha","payments","media","failed"
14.89,2.9,237,1,83.5,0.61,"Delta","api","media","success"
7.32,3.3,245,4,93.15,1.65,"Gamma","ui","crítica","success"
13.53,2.49,238,2,84.86,31.84,"Delta","api","baja","success"
14.24,7.25,185,1,75.05,16.95,"Alpha","auth","media","success"
11.79,NA,224,0,86.18,11.67,"Alpha","database","media","failed"
6.07,3.35,213,1,64.4,6.36,"Delta","payments","crítica","success"
15.79,3.96,219,1,89.86,9.87,"Gamma","auth","media","success"
14.36,9.29,214,0,94.97,82.61,"Beta","ui","media","success"
14.82,2.8,203,2,84.49,1.66,"Beta","auth","alta","success"
7.75,6.57,183,3,85.84,1.52,"Alpha","api","media","success"
18.84,6.25,239,2,90.3,20.65,"Gamma","ui","alta","success"
18.63,8.33,237,2,90.49,16.08,"Alpha","ui","crítica","success"
15.88,4.42,225,1,95.22,4.42,"Beta","auth","baja","success"
12.01,1.89,231,2,78.3,47.44,"Alpha","ui","alta","success"
10.28,17.35,225,1,80.14,22.18,"Gamma","auth","crítica","rolled_back"
16.95,4.91,185,1,78.7,7.71,"Beta","notifications","alta","success"
4.79,11.73,234,2,91.5,63.79,"Beta","api","crítica","success"
6.71,6.1,224,NA,90.06,9.71,"Gamma","ui","baja","rolled_back"
18.31,7.23,214,2,73.65,8.94,"Delta","auth","alta","success"
8.82,3.98,228,0,61.74,25.26,"Delta","auth","baja","success"
8.93,3.44,228,3,73.48,4.9,"Alpha","notifications","media","success"
8.37,8.14,238,1,94.17,59.31,"Gamma","payments","alta","success"
6.74,6.67,247,0,88.57,21.83,"Alpha","auth","media","success"
11.05,3.61,191,2,89.35,27.46,"Alpha","auth","crítica","success"
19.24,6.68,227,2,65.12,32.38,"Gamma","auth","alta","success"
37.89,16.3,200,1,78.19,4.29,"Delta","auth","alta","success"
11.3,4.22,201,1,85.94,13.16,"Delta","ui","media","success"
7.45,NA,207,3,37.24,106.02,"Beta","api","alta","failed"
7.32,8.72,237,0,93.54,12.69,"Beta","database","media","success"
7.79,6.79,228,0,62.19,10.16,"Alpha","payments","media","success"
9.78,1.66,219,2,97.8,53.45,"Gamma","ui","media","success"
13.59,8.22,229,2,51.97,28.81,"Delta","api","media","success"
16.22,5.97,209,NA,91.43,38.61,"Beta","ui","baja","rolled_back"
23.13,NA,227,1,52.68,6.8,"Alpha","ui","baja","failed"
6.8,2.07,218,0,73.47,61.73,"Gamma","ui","media","success"
5.56,9.79,221,3,75.22,36.51,"Delta","ui","alta","success"
8.06,NA,240,1,57.12,24.54,"Delta","auth","baja","failed"
16.71,NA,252,3,72.34,14.97,"Delta","database","baja","failed"
27.22,3.75,223,3,80.08,44.93,"Alpha","auth","media","success"
16.88,4.98,199,2,95.95,86.58,"Delta","payments","media","success"
8.72,3.29,227,1,60.39,156.9,"Alpha","api","alta","success"
5.36,3.13,222,2,70.17,17.05,"Beta","auth","media","success"
8.11,7.98,245,0,77.78,28.34,"Beta","auth","alta","success"
3.06,NA,221,1,61.36,22.91,"Delta","database","baja","failed"
12.68,4.6,197,1,75.28,43.69,"Delta","ui","baja","success"
17.72,2.62,228,1,41.36,15.87,"Delta","api","media","success"
23.39,6.62,216,0,55.33,16.27,"Gamma","ui","alta","success"
10.49,3.1,194,2,79.88,55.36,"Alpha","notifications","baja","success"
6.77,2.7,221,1,61.76,2.38,"Gamma","api","baja","success"
18.65,4.48,215,0,90.66,13.96,"Beta","api","alta","success"
7.6,3.63,217,1,47.33,4.23,"Beta","api","baja","success"
5.5,NA,239,0,68.54,NA,"Gamma","api","media","failed"
18.81,4.36,192,3,61.3,44.17,"Alpha","api","baja","success"
5.45,7.92,222,1,74.19,19.46,"Delta","auth","media","success"
6.06,8.92,217,0,71.71,0.79,"Delta","database","alta","success"
11.7,5.99,227,3,73.71,28.69,"Beta","ui","baja","success"
11.2,4.17,209,0,65.1,3.83,"Beta","ui","alta","success"
7.83,9.16,213,2,97.66,22.35,"Alpha","database","media","success"
9.68,4.25,201,NA,78.76,NA,"Gamma","ui","alta","rolled_back"
30.97,6.63,192,0,51.69,8.95,"Beta","ui","alta","success"
17.4,5.34,236,3,67.8,39.84,"Gamma","auth","alta","success"
11.55,1.55,226,6,79.64,16.39,"Beta","notifications","baja","success"
16.07,5.82,228,2,93.66,11.23,"Beta","ui","media","success"
7.97,4.39,225,1,64.56,14.19,"Delta","database","media","success"
22.32,NA,213,0,83.88,27.15,"Beta","api","media","failed"
11.25,5.73,218,2,54.86,2.72,"Gamma","database","baja","success"
7.78,4.03,217,2,64.67,57.35,"Delta","payments","media","success"
11.53,7.58,223,1,70.88,56.65,"Delta","ui","alta","success"
6.02,5.16,231,1,79.69,27.07,"Gamma","auth","baja","success"
8.07,3.88,211,1,52.02,12.65,"Beta","notifications","media","success"
21.3,9.2,226,0,70.99,27.28,"Delta","ui","alta","success"
14.46,11.87,215,2,83.68,3.3,"Gamma","notifications","media","success"
18.14,10.56,240,2,86.77,4.34,"Gamma","api","crítica","success"
12.42,3.89,202,2,96.15,29.06,"Alpha","api","baja","success"
5.3,3.59,205,1,71.43,17.49,"Alpha","ui","media","success"
4.5,4.29,215,2,78.34,39.41,"Delta","api","media","success"
13.85,2.75,241,3,94.73,20.05,"Beta","database","baja","success"
7.41,3.09,215,1,78.03,10.51,"Alpha","auth","media","success"
6.07,3.02,252,3,53.38,14.75,"Delta","auth","alta","success"
10.96,2.83,192,1,84.96,11.4,"Delta","api","alta","success"
9.12,5.39,236,1,96.15,6.54,"Delta","api","media","success"
24.73,7.34,198,2,54.23,17.67,"Alpha","api","media","success"
4.9,2.03,213,0,35.95,3.81,"Delta","auth","crítica","success"
14.15,8.82,227,1,86.12,2.99,"Beta","api","media","success"
8.56,6.18,233,2,NA,7.25,"Delta","api","baja","success"
10.78,6.81,192,0,74.16,41.76,"Delta","ui","media","success"
7.71,2.6,229,2,89.83,33.76,"Beta","payments","baja","success"
15.21,4.07,217,0,86.2,18.63,"Gamma","auth","media","success"
3.79,2.2,218,3,62.77,22,"Beta","notifications","baja","success"
13.09,5.76,231,1,54.75,27.52,"Beta","api","baja","success"
13.2,4.34,237,0,72.35,3.26,"Beta","notifications","media","success"
17.98,5.93,227,0,57.5,7.17,"Delta","api","media","success"
18.97,2.14,213,0,82.5,11.35,"Beta","ui","baja","success"
5.98,3.95,239,1,77.73,10.11,"Beta","auth","media","success"
9.59,2.7,228,NA,82.39,NA,"Delta","api","baja","rolled_back"
12.57,4.45,228,3,84.54,7.97,"Alpha","database","baja","success"
11.75,5.28,209,1,88.43,11.8,"Alpha","auth","media","success"
10.73,NA,229,0,51.58,NA,"Alpha","api","baja","failed"
8.15,NA,237,2,91.09,NA,"Delta","notifications","media","failed"
6.91,4.72,242,0,71.46,43.27,"Delta","auth","baja","rolled_back"
26.9,3.23,244,2,94.18,1.25,"Beta","notifications","baja","success"
15.81,4.31,206,1,64.85,29.36,"Alpha","ui","media","success"
15.43,3.78,222,1,81.98,17.95,"Delta","api","baja","success"
9.72,7.25,217,5,48.44,7.49,"Beta","payments","media","success"
20.71,7.57,215,1,38.19,0.85,"Delta","api","baja","success"
18.06,2.1,229,3,97.57,8.73,"Alpha","auth","media","success"
5.38,14.6,216,4,84.4,62.8,"Alpha","api","alta","success"
10.19,1.59,226,1,89.07,17.03,"Beta","api","alta","success"
8.53,3.55,206,0,81.03,19.45,"Delta","payments","baja","success"
15.57,3.9,220,1,80.77,52.22,"Delta","ui","baja","success"
7.15,9.38,218,1,80.66,35.28,"Beta","api","media","success"
10.05,3.43,213,0,77.72,89.85,"Alpha","auth","alta","success"
13.56,9.81,232,1,84.89,13.08,"Gamma","ui","media","success"
7.32,3.29,221,1,86.24,30.28,"Beta","api","baja","success"
6.59,8.94,201,1,86.12,12.67,"Beta","auth","baja","success"
14.86,5.26,218,2,82.94,7.68,"Gamma","auth","baja","success"
7.89,4.23,215,1,90.23,32.11,"Gamma","api","alta","success"
17.18,4.22,234,3,91.63,52.02,"Gamma","auth","media","success"
8.13,NA,210,3,83.86,NA,"Gamma","api","alta","failed"
8.47,NA,207,0,91.57,62.98,"Beta","ui","media","failed"
15.91,3.07,245,2,70.53,23.84,"Beta","api","baja","success"
8.17,NA,230,2,73.21,7.54,"Delta","database","alta","failed"
8.71,14.98,247,0,81.69,22.27,"Alpha","payments","baja","success"
14.27,3.92,220,1,92.45,NA,"Beta","api","crítica","rolled_back"
14.37,12.13,229,0,83.45,11.15,"Delta","notifications","baja","success"
10.48,2.98,228,1,78.26,47.36,"Gamma","api","crítica","success"
14.18,NA,245,0,39.15,NA,"Alpha","api","media","failed"
11.64,NA,203,0,82.41,25.07,"Delta","ui","media","failed"
7.54,4.65,229,1,73.57,86.35,"Delta","ui","media","success"
9.11,5.9,215,0,80,3.68,"Beta","api","baja","success"
14.65,5.01,231,2,82.84,24.89,"Alpha","payments","media","success"
11.92,NA,270,2,88.74,NA,"Alpha","api","media","failed"
10.36,3.48,201,0,66.89,13.83,"Beta","database","media","success"
7.62,5.56,229,0,54.49,7.54,"Gamma","ui","media","success"
5.01,7.77,244,0,82.94,5.55,"Alpha","database","media","success"
9.8,6.76,216,0,92.32,7.51,"Beta","payments","baja","success"
9.36,6.14,192,NA,77.32,26.5,"Beta","api","media","rolled_back"
8.09,7.71,206,2,80.7,7.14,"Delta","ui","baja","success"
17.66,2.77,227,1,85.22,24.01,"Beta","ui","media","success"
18.44,4.65,227,1,88.17,57.24,"Alpha","notifications","media","success"
15.5,2.75,209,2,76.81,15.68,"Alpha","auth","media","success"
18.12,10.99,232,3,96.26,42.44,"Beta","database","media","success"
5.12,12.01,202,NA,80.97,44.86,"Beta","ui","media","rolled_back"
9.06,4.8,213,0,95.21,35.88,"Beta","database","media","success"
10.03,5.29,220,1,75.37,7.85,"Alpha","api","media","success"
18.6,NA,247,3,88.99,NA,"Delta","api","alta","failed"
4.81,6.5,214,1,75.09,29.85,"Delta","api","media","success"
3.14,10.78,219,3,69.69,9.83,"Beta","auth","baja","success"
13.63,9.27,243,1,88.99,5.31,"Gamma","payments","media","success"
5.83,3.95,230,2,91.08,11.39,"Delta","api","baja","success"
5.86,5.67,203,0,72.52,6.6,"Beta","api","baja","success"
4.82,NA,209,3,73.78,NA,"Beta","api","baja","failed"
10.91,4.61,209,0,96.71,74.97,"Beta","auth","media","success"
18.69,6.65,234,2,73.42,55.02,"Delta","notifications","alta","success"
11.18,6.06,244,1,47.97,12.89,"Beta","api","media","success"
12.89,11.42,206,2,73.22,12.04,"Alpha","api","baja","success"
17.25,5.79,225,0,87.87,54.07,"Alpha","ui","alta","success"
16.18,3.7,208,1,77.76,6.91,"Delta","api","baja","success"
13.93,2.84,204,3,79.21,27.7,"Alpha","api","media","success"
6,NA,207,1,62.22,5.85,"Alpha","payments","baja","failed"
9.26,5.21,228,0,42.4,4.63,"Delta","payments","alta","success"
11.44,14.2,239,1,89.38,2.4,"Alpha","database","alta","success"
17.47,13.55,219,1,94.37,15.96,"Alpha","auth","media","success"
11.86,6.37,221,3,68.32,19.42,"Delta","auth","media","success"
8.32,4.08,217,1,78.53,17.37,"Beta","api","media","success"
3.88,8.52,213,0,NA,0.94,"Delta","api","alta","success"
9.05,8.31,214,2,62.28,31.71,"Beta","auth","alta","success"
8.42,3.59,219,1,76.33,17.12,"Delta","ui","media","success"
11.19,4.87,197,0,70.26,36.31,"Alpha","api","media","success"
5.14,4.7,190,1,63.09,2.03,"Delta","api","media","success"
8.48,11.31,243,0,66.78,7.55,"Beta","ui","baja","success"
5.15,4.09,209,1,84.56,1.92,"Alpha","ui","baja","success"
16.15,9.93,224,0,88.53,28.06,"Gamma","api","media","success"
13.15,7.75,227,3,76.99,53.12,"Beta","auth","media","success"
13.26,2.17,207,0,50.96,25.91,"Alpha","ui","alta","success"
12.71,7.69,212,2,53.44,23.01,"Gamma","ui","media","success"
15.44,NA,220,4,48.21,NA,"Gamma","notifications","alta","failed"
7.68,NA,210,0,71.47,9.33,"Beta","auth","baja","failed"
10.69,1.68,212,3,85.12,2.62,"Alpha","auth","crítica","success"
7.42,6.41,230,0,96.54,NA,"Beta","api","media","rolled_back"
6.55,2.96,229,1,85.45,8.73,"Delta","ui","alta","success"
10.98,3.66,251,3,85.26,10.36,"Gamma","auth","baja","success"
10.37,1.99,220,1,41.75,8.65,"Delta","ui","media","success"
15.89,2.9,237,1,73.67,16.77,"Beta","auth","media","success"
9.23,15.77,217,1,84.93,21.24,"Delta","ui","media","success"
13.31,NA,216,2,93.95,23.06,"Beta","database","media","failed"
12.67,12.25,229,1,78.02,46.37,"Gamma","ui","baja","success"
8.04,3.61,210,1,67.65,40.33,"Delta","payments","baja","success"
9.64,2.55,232,3,88.33,15.48,"Beta","auth","media","success"
10.86,9.06,222,2,61.73,5.41,"Alpha","auth","alta","success"
8.1,8.19,221,0,67.72,3.62,"Alpha","api","baja","success"
24.64,2.66,258,2,85.93,8.51,"Alpha","ui","baja","success"
12.31,NA,207,0,79.59,NA,"Delta","ui","media","failed"
12.03,5.45,226,NA,68.69,3.96,"Beta","api","alta","rolled_back"
12.91,3.62,215,3,87.3,110.54,"Alpha","auth","media","success"
18.99,7.61,222,0,78.18,10,"Gamma","ui","media","success"
15.32,3.41,210,3,63.43,57.14,"Beta","ui","crítica","success"
11.9,7.31,217,1,81.7,30.3,"Alpha","auth","baja","success"
7.63,NA,216,3,80.2,9.58,"Delta","ui","alta","failed"
3.87,6.19,247,0,65.28,67.6,"Beta","ui","media","success"
29.77,7.05,219,1,80.42,41.88,"Gamma","auth","baja","success"
8.55,10.13,211,1,79.99,29.09,"Alpha","api","media","success"
12.57,6.74,211,2,48.01,32.11,"Delta","ui","baja","success"
10.55,5.32,237,1,75.14,23.81,"Beta","notifications","alta","success"
9.09,4.23,215,1,74.59,12.21,"Delta","api","baja","success"
15.4,6.89,237,0,90.2,1.96,"Beta","auth","baja","success"
11.19,2.82,221,1,79.83,3.74,"Alpha","database","baja","success"
14.33,3.45,232,0,67.55,7.98,"Gamma","ui","baja","success"
16.42,6.27,220,1,97.4,30.33,"Delta","api","media","success"
8.45,2.13,254,1,62.27,11.15,"Gamma","database","baja","rolled_back"
12.93,6.86,234,3,74.91,15.14,"Beta","api","baja","success"
8.51,5.56,226,0,82.39,3.15,"Alpha","ui","media","success"
17.74,14.08,224,1,64.33,58.31,"Beta","api","media","success"
9.32,4.25,232,2,61.67,4.45,"Alpha","auth","baja","success"
11.74,14.04,214,1,78.87,4.79,"Delta","api","alta","success"
11.08,9.92,217,0,76.35,28.49,"Gamma","ui","baja","success"
11.46,9.38,199,3,92.21,38.3,"Alpha","auth","baja","success"
9,1.77,213,4,85.3,4.44,"Beta","ui","baja","success"
9.38,3.01,207,1,83.83,4.03,"Alpha","api","media","success"
5.25,5.24,245,1,50.06,30.42,"Gamma","api","media","success"
6.03,NA,225,3,83.4,11.74,"Beta","ui","media","failed"
7.15,NA,206,0,49.85,20.96,"Gamma","ui","media","failed"
15.31,3.1,209,3,80.68,8.61,"Beta","notifications","baja","success"
10.52,4.63,229,2,77.55,114.09,"Alpha","api","media","success"
11.8,6.47,253,1,76.42,6.47,"Alpha","auth","baja","success"
8.91,3.06,204,1,73.37,11.56,"Delta","ui","media","success"
6.65,6.18,197,1,53.65,0.74,"Beta","ui","crítica","success"
9.66,5.89,206,1,43.31,5.45,"Gamma","api","baja","success"
17.71,5.16,197,0,88.9,60.95,"Beta","notifications","media","success"
18.6,10.78,233,1,92.89,25.39,"Gamma","ui","media","success"
12.07,5.93,214,1,75.87,61.44,"Delta","ui","baja","success"
9.28,2.61,214,1,60.41,15.19,"Beta","api","media","success"
8.68,13.08,208,0,86.28,15.05,"Delta","ui","media","success"
6.19,3.8,226,0,75.94,39.44,"Delta","payments","baja","success"
9.59,NA,222,3,85.38,NA,"Alpha","auth","baja","failed"
17.14,5.28,226,3,63.57,16.85,"Gamma","database","baja","success"
19.78,14.86,246,1,83.61,16.86,"Alpha","ui","baja","success"
18.49,1.1,209,1,83.35,24.81,"Gamma","auth","media","success"
14.33,2.84,232,0,88.04,4.31,"Alpha","ui","alta","success"
10.08,4.28,189,0,89.44,6.87,"Delta","api","media","rolled_back"
18.99,1.18,208,1,61.04,13.4,"Gamma","auth","media","success"
23.72,5.84,218,1,98.57,10.67,"Delta","api","media","success"
12.14,NA,211,1,88.53,1.23,"Delta","database","alta","failed"
5.52,8.87,213,2,82.26,0.6,"Gamma","ui","media","success"
21.42,6.21,206,1,89.88,29.57,"Alpha","notifications","baja","success"
12.82,5.97,219,3,89.46,48.33,"Beta","ui","alta","success"
13.66,6.38,229,1,73.51,10.6,"Gamma","api","media","success"
10.71,11.95,241,1,31.89,13.47,"Beta","auth","media","success"
13.27,2.12,230,0,94.77,22.08,"Beta","api","media","success"
13.7,10.4,259,1,70.33,9.14,"Alpha","auth","baja","success"
7.83,6.94,201,3,77.67,12.35,"Beta","ui","crítica","success"
7.83,3.49,253,0,68.93,9.51,"Alpha","auth","baja","success"
6.28,2.38,228,1,69.22,1.27,"Beta","auth","baja","success"
8.77,4.99,211,0,94.41,19.15,"Alpha","api","media","success"
10.69,4.81,170,0,90.8,5.58,"Gamma","api","baja","success"
8.16,8.53,217,2,79.19,17.91,"Alpha","api","media","success"
6.91,8.55,221,0,98.34,29.01,"Gamma","ui","baja","success"
17.49,5.04,209,1,74.03,26.32,"Alpha","notifications","media","success"
7.88,3.95,230,1,85.95,36.33,"Alpha","ui","alta","success"
14.06,4.32,243,0,69.74,1.18,"Gamma","api","media","success"
7.29,7.25,240,1,85.51,3.49,"Beta","api","media","success"
5.28,4.66,227,2,77.21,20.85,"Beta","payments","baja","success"
6.48,8.49,223,1,66.64,25.5,"Gamma","api","alta","success"
12.48,7.12,252,0,89.58,NA,"Delta","notifications","media","rolled_back"
11.81,7.94,202,4,65.55,20.45,"Beta","ui","alta","success"
18.72,3.89,203,1,58.02,7.4,"Gamma","api","media","success"
9.95,8.76,221,2,64.69,26.31,"Alpha","api","alta","success"
18.8,7.1,228,1,77.09,9.97,"Alpha","auth","alta","success"
9.47,4.09,225,1,83.46,NA,"Delta","api","media","rolled_back"
11.33,6.02,227,2,84.86,15.3,"Beta","auth","baja","success"
6.6,5.79,214,2,88.61,5.25,"Alpha","ui","alta","success"
5.74,7.86,238,2,79.22,83.64,"Gamma","ui","media","success"
7.18,4.2,247,1,80.53,9.45,"Beta","ui","media","success"
11.27,6.18,231,1,73.29,49.8,"Gamma","api","alta","success"
13.51,2.6,237,NA,68.53,NA,"Alpha","api","baja","rolled_back"
6.09,3.12,237,1,73.6,30.28,"Beta","ui","alta","rolled_back"
8.89,9.64,215,1,96.22,40.5,"Gamma","api","baja","success"
13.37,3.97,206,1,85.84,58.29,"Delta","api","media","success"
9.46,NA,220,1,82.59,81.37,"Gamma","api","media","failed"
9.5,4.16,200,0,87.03,76.78,"Alpha","api","media","success"
30.54,5.96,220,1,60.39,23.89,"Beta","ui","media","success"
14.7,2.38,212,2,71.67,62.24,"Delta","api","baja","success"
16.61,1.95,242,6,46.55,23.54,"Alpha","api","media","success"
11.45,14.62,209,3,59.18,24.67,"Delta","database","baja","success"
9.3,2.91,216,2,92.36,47.92,"Alpha","ui","baja","success"
15.68,1.98,206,1,64.34,2.77,"Alpha","auth","media","success"
13.36,NA,229,1,58.75,2.45,"Beta","auth","baja","failed"
6.69,5.47,232,0,77.63,15.28,"Alpha","notifications","media","success"
11.24,19.29,215,1,84.57,12.31,"Gamma","database","crítica","success"
18.3,4.72,223,1,78.63,78.76,"Beta","ui","media","success"
13.24,10.2,196,NA,88.35,14.38,"Gamma","auth","media","rolled_back"
13.81,10.51,249,1,89.92,7.73,"Delta","database","media","success"
12.77,5.54,203,3,89.75,68.29,"Beta","ui","media","success"
7.36,8.86,217,3,69.04,39.08,"Alpha","ui","baja","success"
7.72,10.95,207,2,85.09,10.37,"Gamma","auth","baja","success"
13.81,5.16,205,2,79.42,12.05,"Beta","auth","baja","success"
5.88,6.52,211,0,76.98,11.69,"Beta","auth","media","success"
7.54,7.01,217,2,61.75,11.6,"Delta","ui","media","success"
17.07,NA,214,0,93.24,2.21,"Alpha","api","baja","failed"
12.56,1.82,236,3,56.23,1.03,"Gamma","database","baja","success"
7.55,4.98,230,3,78.78,6.96,"Beta","notifications","media","success"
8.73,4.49,228,2,49.83,28.72,"Beta","api","media","success"
12.78,11.57,207,1,94.92,46.7,"Gamma","ui","media","success"
7.04,8.98,228,1,62.79,73.5,"Alpha","database","baja","success"
4.44,7.46,213,2,NA,25.53,"Delta","ui","alta","success"
6.61,NA,208,1,46.67,NA,"Delta","ui","media","failed"
20.08,2.96,251,3,77.97,57.34,"Alpha","auth","media","success"
12.97,2.22,257,2,83.83,25.16,"Beta","ui","baja","success"
14.39,NA,230,1,80.9,NA,"Alpha","api","crítica","failed"
12.36,NA,210,1,81.26,1.31,"Gamma","api","baja","failed"
8.02,6.43,210,1,80.3,48.22,"Delta","api","media","success"
9.47,3.52,204,2,69.07,14.85,"Gamma","ui","baja","success"
14.03,3.36,209,1,75.09,96.45,"Delta","notifications","baja","success"
12.62,4.19,212,2,78.69,11.35,"Gamma","payments","media","success"
11.85,8.22,222,1,76.11,29.58,"Alpha","auth","crítica","success"
3.9,2.4,208,2,68.31,39.53,"Alpha","ui","media","success"
9.52,6.12,251,2,68.99,5.09,"Beta","ui","baja","success"
10.61,4.1,199,0,88.1,1.32,"Alpha","ui","alta","success"
7.43,6.1,237,3,89.49,2.43,"Alpha","ui","crítica","success"
17.08,13.38,224,2,80.23,6.6,"Beta","ui","baja","success"
13.67,8.57,234,0,68.49,1.57,"Beta","ui","alta","success"
15.31,6.2,211,0,50.64,2.46,"Delta","notifications","baja","success"
7.59,NA,206,0,43.83,20.04,"Beta","api","alta","failed"
25.77,NA,212,3,73.32,37.72,"Alpha","ui","baja","failed"
9.74,5.92,235,1,97.72,42.18,"Beta","database","media","success"
9.9,4.05,229,0,64.73,19.37,"Gamma","notifications","media","success"
13.48,5.23,219,2,89.58,3.29,"Alpha","ui","crítica","success"
20.52,NA,236,3,63.07,0.81,"Alpha","api","crítica","failed"
5.71,4.83,190,0,51.15,11.91,"Gamma","auth","baja","success"
10.43,8.61,211,2,63.6,27.21,"Delta","payments","baja","success"
17.46,4.81,223,2,82.34,13.34,"Gamma","auth","media","success"
11.41,4.22,214,2,74.95,0.53,"Delta","api","alta","success"
13.18,6.9,232,2,92.9,24.31,"Delta","notifications","media","success"
25.57,5.65,222,4,73.76,49.61,"Alpha","ui","media","success"
8.85,NA,227,3,82.3,1.45,"Delta","api","media","failed"
21.03,12.38,241,NA,78.34,8.55,"Alpha","database","alta","rolled_back"
17.01,1.87,234,2,87.97,9.84,"Gamma","ui","alta","success"
4.98,NA,203,1,NA,8.28,"Beta","notifications","baja","failed"
7.74,3.34,229,0,72.88,62.18,"Gamma","ui","media","success"
10.66,4.59,226,2,73.71,3.45,"Beta","notifications","crítica","success"
9.42,4.81,234,2,85.13,2.6,"Gamma","api","media","success"
9.27,NA,206,3,58.54,30.57,"Beta","database","media","failed"
17.71,11.27,238,1,96,16.54,"Alpha","api","baja","success"
19.58,2.22,247,2,78.13,6.52,"Alpha","ui","media","success"
12.64,6.48,215,1,95.65,5.43,"Alpha","database","baja","success"
7.15,6.26,226,4,58.3,6.08,"Gamma","auth","media","success"
10.65,5.3,228,3,83.29,30.18,"Gamma","notifications","baja","success"
11.21,2.89,215,0,33.26,7.66,"Gamma","ui","baja","success"
9.15,14.07,212,2,97.15,9.04,"Alpha","notifications","media","success"
29.1,10.23,213,2,90.96,34.71,"Gamma","auth","media","success"
9.04,3.18,210,1,68.47,17.02,"Alpha","payments","baja","success"
10.95,4.69,221,2,75.5,28.16,"Alpha","api","baja","success"
5.37,7.28,232,1,73.72,5,"Alpha","ui","baja","success"
14.66,6.25,215,0,60.85,23.2,"Gamma","ui","baja","success"
7.96,4.45,231,1,81.58,9.71,"Gamma","ui","crítica","success"
8.77,4.55,229,1,75.99,23.35,"Delta","api","crítica","success"
20.89,5.36,229,2,86.51,22.73,"Beta","api","crítica","success"
5.67,NA,226,0,77.23,22.54,"Beta","auth","baja","failed"
17.79,5.2,226,2,72.18,14.15,"Delta","notifications","baja","success"
9.87,7.75,229,0,83.32,38.65,"Beta","payments","media","success"
12.59,3.14,247,1,76.16,87.57,"Gamma","auth","alta","success"
11.24,7.04,232,1,96.97,0.64,"Beta","ui","alta","success"
6.13,12.22,192,1,70.9,16.6,"Beta","database","alta","success"
10.29,2.12,220,0,84.28,42.23,"Delta","ui","crítica","success"
6.37,2.18,220,1,79.83,12.15,"Beta","api","crítica","rolled_back"
18.15,NA,217,0,78.99,108.55,"Gamma","api","alta","failed"
21.31,11.92,233,0,52.91,17.83,"Beta","payments","baja","success"
14.39,NA,198,5,78.39,NA,"Beta","ui","baja","failed"
3.72,5.57,233,0,72.81,23.6,"Delta","auth","crítica","success"
15.17,3.92,202,0,57.13,12.36,"Delta","ui","media","success"
4.68,3.92,227,1,NA,83.03,"Gamma","notifications","baja","success"
11.93,4.78,223,2,82.21,16.64,"Alpha","api","media","success"
11.23,NA,232,0,95.95,80.28,"Alpha","auth","media","failed"
10.17,8.01,231,2,77.72,44.53,"Delta","ui","alta","success"
12.36,3.62,232,1,82.51,5.97,"Gamma","database","baja","success"
4.2,5.76,205,2,NA,3.53,"Beta","ui","crítica","success"
6.08,11.01,242,0,82.95,14.27,"Gamma","api","media","success"
14.62,6.53,201,2,93.73,130.1,"Beta","database","baja","success"
10.4,8.2,218,4,38.65,22.78,"Alpha","api","baja","success"
9.17,NA,236,0,77.44,6.31,"Gamma","auth","media","failed"
16.35,NA,203,0,92.89,NA,"Alpha","ui","media","failed"
16.32,6.32,210,0,60.09,7.21,"Beta","api","media","success"
11.19,8.65,210,0,74.38,5.58,"Alpha","ui","alta","success"
9.56,5.74,201,1,76.15,9.82,"Beta","database","media","success"
19.53,6.24,214,1,85.91,7.87,"Delta","ui","baja","success"
12.89,6.17,202,0,79.48,7.61,"Beta","database","baja","success"
8.65,6.85,212,2,81.27,65.82,"Alpha","notifications","baja","success"
8.23,9.2,200,0,87.63,22.71,"Alpha","auth","baja","success"
21.35,6.09,229,0,65.77,53.3,"Delta","ui","baja","success"
10.37,6.83,246,2,91.41,49.99,"Alpha","api","baja","success"
13.03,3.89,205,3,82.99,33.85,"Gamma","auth","baja","success"
7.77,NA,200,1,95.23,16.19,"Delta","notifications","media","failed"
15.45,5.53,230,3,65.9,22.59,"Beta","auth","media","success"
8.58,3.02,251,1,73.06,50.8,"Beta","auth","baja","success"
13.98,4.87,207,NA,60.14,13.46,"Beta","payments","crítica","rolled_back"
5.85,9.39,237,2,57.66,14.74,"Delta","auth","alta","success"
5.15,5.79,191,0,89.46,16.16,"Alpha","payments","baja","success"
11.01,12.41,204,0,65.52,5.84,"Alpha","notifications","alta","success"
8.09,2.78,205,2,76.72,12.64,"Alpha","api","media","success"
12.89,5.17,231,0,73.35,17.88,"Gamma","api","baja","success"
13.14,3.62,214,4,93.05,11.94,"Beta","ui","media","success"
11.82,8.4,217,0,69.93,96.47,"Alpha","payments","media","success"
12.23,4.71,223,2,80.28,43.98,"Gamma","auth","media","success"
16.99,2.69,212,0,36.47,28.83,"Gamma","ui","alta","success"
10.74,6.25,239,1,84.29,30.03,"Alpha","ui","alta","success"
12.4,3.2,229,2,63.27,11.4,"Alpha","ui","media","success"
10.96,2.83,227,0,72.78,16.1,"Beta","ui","crítica","success"
15.46,NA,217,0,96.52,7.89,"Gamma","auth","baja","failed"
7.93,7.12,215,1,63.93,7.68,"Alpha","auth","media","success"
18.43,4.92,230,0,69.29,36.37,"Alpha","database","media","success"
12.36,5.16,227,1,87.98,7.61,"Beta","auth","baja","success"
6.11,6.78,226,0,96.2,1.54,"Delta","ui","media","success"
10.18,0.82,224,0,83.72,6.96,"Alpha","api","crítica","success"
8.87,NA,231,1,83.74,9.77,"Beta","database","baja","failed"
10.01,NA,223,1,87,21.17,"Gamma","auth","baja","failed"
13.58,10.18,188,0,91.47,68.98,"Delta","ui","media","success"
5.94,1.23,203,1,84.14,15.47,"Gamma","api","baja","success"
13.31,7.55,190,0,92.68,59.16,"Gamma","api","alta","success"
10.85,2.62,207,NA,91.99,NA,"Delta","notifications","baja","rolled_back"
9.71,4.4,224,3,92.27,15.47,"Beta","notifications","alta","success"
12.97,4.51,203,0,72.69,39.69,"Alpha","auth","media","success"
13.47,10.61,237,2,77.24,21.97,"Beta","api","baja","success"
26.57,4.65,218,2,92,26.82,"Beta","ui","media","success"
22.45,6.39,234,4,90.72,10.21,"Alpha","ui","media","success"
12.28,8.04,250,1,94.89,4.05,"Alpha","api","alta","success"
19.87,NA,219,0,74.73,NA,"Gamma","ui","baja","failed"
5.99,6.73,210,NA,88.59,1.36,"Alpha","auth","alta","rolled_back"
10.78,5.43,214,2,80.58,5.09,"Delta","api","media","success"
7.8,5.73,200,2,76.95,35.23,"Delta","payments","alta","success"
3.01,NA,228,0,93.66,18.07,"Alpha","ui","baja","failed"
11.75,7.86,202,0,47.16,42.71,"Alpha","ui","media","success"
12.48,6.14,200,3,73.06,7.7,"Alpha","auth","media","success"
13.84,5.65,204,1,67.71,2.25,"Beta","api","crítica","success"
6.26,2.1,216,1,82.09,34.55,"Alpha","payments","baja","success"
7.1,4.76,245,1,77.77,30.56,"Gamma","database","media","success"
17.56,5.57,202,3,86.01,40.3,"Delta","auth","crítica","success"
17.58,4.23,223,2,91.88,1.95,"Beta","database","alta","success"
17.1,NA,223,3,88.66,NA,"Delta","api","alta","failed"
8.96,4.17,240,2,83.51,9.11,"Alpha","api","baja","success"
12.32,8.45,197,0,79.68,0.64,"Delta","api","media","success"
6.34,2.01,216,3,88.85,19.53,"Alpha","database","media","success"
7.35,NA,221,1,88.43,8.44,"Alpha","payments","alta","failed"
14.24,7.03,247,1,77.58,0.98,"Alpha","auth","alta","success"
10.59,3.13,203,0,91.16,17.23,"Beta","notifications","alta","success"
11.32,7.29,240,1,78.08,2.46,"Beta","api","media","success"
6.62,4.65,226,2,73.61,1.13,"Beta","auth","baja","success"
11.51,9.55,222,NA,86.01,49.13,"Alpha","api","crítica","rolled_back"
5.91,13.94,204,0,71.62,33.13,"Gamma","ui","alta","success"
8.02,1.75,227,0,59.33,14.83,"Gamma","notifications","media","success"
12.16,6.24,221,1,67.61,36.72,"Beta","api","baja","success"
10.07,13.75,227,2,69.23,3.42,"Alpha","ui","media","success"
5.08,3.74,211,0,90.09,57.05,"Delta","notifications","media","success"
8.46,NA,202,2,93.52,NA,"Gamma","payments","baja","failed"
11.85,2.6,200,1,90.72,14.74,"Beta","api","media","success"
15,6.21,212,2,61.35,81.44,"Alpha","notifications","alta","success"
15.25,1.51,222,4,85.71,17.83,"Alpha","api","media","success"
16.93,4.52,204,1,79.03,0.61,"Beta","notifications","alta","success"
10.66,NA,235,0,76.86,8.14,"Gamma","notifications","baja","failed"
14.39,2.8,221,2,78.48,18.84,"Alpha","ui","media","success"
6.99,6.37,238,2,88.82,60.42,"Beta","api","baja","success"
11.86,5.19,211,0,76.94,24.93,"Alpha","api","baja","success"
8.91,3.4,226,3,86.66,48.84,"Beta","database","baja","success"
5.83,7.67,198,1,85.6,8.94,"Beta","ui","alta","success"
5.63,5.87,204,1,71.22,29.83,"Gamma","ui","media","success"
3.65,NA,207,1,69.91,NA,"Beta","auth","baja","failed"
11.32,NA,240,1,81.24,61.92,"Beta","api","media","failed"
15.56,7.72,221,3,62.36,5.06,"Gamma","api","alta","success"
12.71,4.57,210,0,93.48,24.43,"Alpha","database","baja","success"
10.21,16.75,236,0,90.35,12.88,"Delta","ui","alta","success"
11.91,4.36,196,2,71.2,25.21,"Alpha","auth","media","success"
2.57,9.4,216,0,49,23.68,"Beta","payments","alta","success"
10.3,1.38,220,NA,93.13,NA,"Beta","ui","alta","rolled_back"
8.81,NA,226,2,58.99,13.61,"Alpha","ui","media","failed"
10.49,4.59,225,0,93.38,4.81,"Gamma","auth","baja","success"
7.1,3.64,231,2,78.73,NA,"Beta","auth","media","rolled_back"
17.45,4.62,233,2,85.77,52.11,"Beta","api","media","success"
7.62,8.82,210,2,86.01,1.18,"Delta","api","baja","success"
10.86,3.81,223,3,52.78,9.75,"Alpha","ui","alta","success"
12.62,2.37,225,2,76.55,2.99,"Delta","notifications","baja","success"
10.83,3.65,215,1,86.51,14.07,"Alpha","api","baja","success"
14.48,6.58,240,2,71.73,6.37,"Alpha","ui","baja","success"
14.33,4.31,201,3,67.95,26.67,"Alpha","api","media","success"
13.94,5.98,233,0,77.28,51.95,"Beta","api","media","success"
19.33,3.78,212,1,79.52,4.61,"Beta","api","baja","success"
8.02,NA,214,2,77.58,2.05,"Gamma","notifications","media","failed"
11.29,4.96,216,1,78.7,27.97,"Beta","ui","media","success"
9.72,4.64,238,1,79.17,14.29,"Beta","api","baja","success"
8.08,3.8,215,0,71.51,2.64,"Beta","api","media","success"
18.33,2.59,218,2,64.73,51.15,"Delta","auth","baja","success"
9.11,5.67,228,1,83.46,4.36,"Gamma","api","media","success"
7.17,3.73,228,1,76.88,37.88,"Alpha","auth","media","success"
14.25,1.44,219,0,68.43,30.34,"Gamma","api","media","success"
9.7,9.78,233,0,84.55,8.21,"Delta","api","baja","success"
7.23,4.88,204,3,74.43,10.49,"Delta","api","baja","success"
17.73,8.55,232,2,67.18,65.05,"Gamma","ui","media","success"
6.47,1.9,209,0,81.51,41.14,"Gamma","database","media","success"
9.31,NA,186,2,83.49,21.88,"Gamma","api","baja","failed"
23.85,4.44,208,1,74.91,126.78,"Delta","api","media","success"
8.18,12.23,218,1,66.15,30.54,"Alpha","auth","crítica","success"
11.47,7.9,217,0,91.74,16.59,"Delta","api","media","success"
10.48,NA,218,0,88.39,NA,"Delta","api","media","failed"
17.88,1.23,225,5,65.71,31.08,"Alpha","api","media","success"
8.11,5.05,231,2,89.95,41.88,"Gamma","api","alta","success"
17.65,4.85,240,2,46.8,103.07,"Delta","ui","media","success"
13.42,7.08,216,2,83.98,9.2,"Delta","auth","baja","rolled_back"
10.4,2.89,224,1,79.49,23.37,"Alpha","api","baja","success"
5.88,1.9,215,3,74.04,8.76,"Beta","api","media","success"
13.41,5.31,237,2,57.39,32.96,"Beta","api","baja","success"
10.78,9.15,245,0,92.61,8.74,"Beta","auth","baja","success"
7.1,8.49,230,0,61.49,3.55,"Alpha","ui","alta","success"
14.3,1.99,219,2,95.58,7.78,"Alpha","api","crítica","success"
12.12,4.71,207,0,87.6,25.68,"Beta","ui","crítica","success"
7.67,8.84,198,0,96.41,1.27,"Alpha","notifications","baja","success"
5.53,2.58,212,1,80.09,20.35,"Gamma","auth","alta","success"
18.12,NA,212,2,92.62,50.94,"Delta","auth","media","failed"
14.47,5.94,214,1,72.12,6.35,"Alpha","ui","baja","success"
3.19,2.28,197,1,36.77,1.89,"Delta","api","alta","success"
5.63,9.35,249,2,69.86,18.62,"Alpha","auth","media","success"
6.94,6.71,212,0,89.46,23.71,"Alpha","payments","alta","success"
9.28,2.06,214,1,80.24,11.99,"Alpha","ui","media","success"
6.52,NA,225,0,70.75,NA,"Delta","api","alta","failed"
6.05,NA,212,0,79.63,24.86,"Gamma","api","baja","failed"
9.91,5.4,216,0,89.5,1.35,"Delta","ui","baja","success"
14.75,5.01,210,1,84.4,18.21,"Beta","auth","alta","success"
10.47,1.22,231,0,73.22,12.69,"Beta","api","media","success"
3.41,5.21,205,1,81.03,11.58,"Alpha","ui","media","success"
10.52,16.49,237,2,62.69,22.95,"Gamma","auth","baja","success"
7.94,10.7,204,1,82.79,22.28,"Delta","api","alta","success"
12.09,6.69,221,0,86.78,23.12,"Gamma","database","baja","success"
12.97,NA,209,3,59.07,12.55,"Alpha","payments","media","failed"
8.08,11.34,191,0,75.6,7.24,"Beta","api","media","rolled_back"
8.18,2.86,220,1,91.76,17.22,"Beta","auth","media","success"
13.17,3.85,231,1,90.49,24.38,"Delta","payments","alta","success"
5.95,NA,236,0,72.54,36.09,"Beta","ui","baja","failed"
12.1,3.39,200,NA,77.74,16.74,"Beta","auth","media","rolled_back"
12.24,5.73,218,1,67.38,21.54,"Delta","auth","media","success"
11.06,9.05,216,2,88.38,49.42,"Alpha","auth","media","success"
5.86,11.15,212,NA,75.31,13.56,"Delta","api","baja","rolled_back"
16.56,16.15,215,1,71.82,33.83,"Alpha","api","media","success"
8.27,NA,239,0,59.23,1.77,"Alpha","database","baja","failed"
13.03,1.03,223,2,78.92,36.74,"Beta","api","baja","success"
17.16,4.22,214,4,68.79,14.05,"Gamma","api","media","success"
11.85,2.91,258,1,84.13,80.75,"Beta","api","baja","success"
14.19,3.28,195,0,81.22,6.6,"Alpha","auth","media","success"
17.28,14.34,226,1,89.41,10.24,"Gamma","database","alta","success"
19.73,NA,218,3,93.6,2.07,"Beta","payments","media","failed"
8.15,6.55,225,2,76.34,25.74,"Delta","api","crítica","success"
12.59,1.97,238,1,84.34,57.35,"Alpha","api","baja","success"
9.33,9.84,236,0,55.19,51.74,"Delta","api","alta","success"
13.18,3.9,231,2,94.4,92.1,"Beta","database","media","success"
15.3,3.01,225,0,61.09,26.28,"Beta","api","media","success"
11.72,5.45,208,2,79.66,79.29,"Alpha","database","baja","success"
8.95,6.24,198,1,52.8,5.43,"Alpha","auth","baja","success"
12.09,1.44,198,1,68.06,NA,"Alpha","ui","baja","rolled_back"
7.58,NA,220,1,72,25.53,"Delta","ui","media","failed"
10.27,6.12,205,1,75.55,51.52,"Gamma","auth","crítica","success"
13.06,5.85,234,3,84.65,12.11,"Beta","ui","media","success"
13.8,4.71,197,1,73.8,23.3,"Beta","auth","baja","success"
18.32,2.62,220,3,58.69,2.15,"Alpha","ui","baja","success"
13.46,2.76,219,2,84.22,4.51,"Gamma","auth","baja","success"
10.37,5.05,228,NA,84.79,58.92,"Alpha","ui","baja","rolled_back"
14.07,5.3,228,1,55.03,20.7,"Beta","ui","baja","success"
11.95,7.17,217,2,89.01,56.96,"Alpha","database","baja","success"
7.56,5.98,217,1,88.46,98.46,"Gamma","ui","crítica","success"
6.26,2.33,224,1,66.61,22.38,"Delta","database","baja","success"
10.09,5.61,231,1,81.9,14.15,"Beta","auth","baja","success"
10.78,4.38,227,0,82.52,6.34,"Beta","auth","crítica","success"
11.38,2.7,210,0,84.17,29.9,"Alpha","auth","media","success"
20.27,11.98,210,1,88.68,64.26,"Delta","auth","baja","success"
10.51,9.2,205,0,58.51,28.18,"Gamma","api","media","success"
15.12,3.53,212,2,85.06,9.57,"Alpha","auth","baja","success"
16.54,6.99,222,0,64.43,82.29,"Beta","auth","alta","success"
13.25,4.53,218,1,86.79,34.26,"Delta","api","baja","success"
9.35,3.73,247,1,92.79,75.23,"Delta","ui","media","success"
17.11,6.96,206,0,59.19,0.69,"Delta","api","alta","success"
11.19,1.21,216,0,75.56,27.11,"Delta","ui","alta","success"
4.52,3.87,222,1,NA,34.99,"Alpha","ui","baja","success"
4.95,4.01,214,1,NA,10.49,"Gamma","ui","alta","success"
10.31,6.97,231,1,66.5,1.02,"Delta","database","media","success"
5.46,3.14,223,0,76.73,14.67,"Alpha","api","baja","success"
12.99,6.09,228,2,93.06,134.57,"Beta","auth","baja","success"
10.22,8.29,210,0,83.57,8.11,"Alpha","auth","media","success"
8.58,2.71,228,2,76.04,4.89,"Beta","notifications","media","success"
14.51,2.09,212,1,84.88,15.36,"Beta","auth","media","success"
14.27,5.12,224,1,61.6,1.26,"Gamma","api","media","success"
12.5,4.51,220,3,91.75,25.53,"Delta","notifications","alta","success"
18.09,10.64,214,1,72.78,22.27,"Alpha","notifications","baja","success"
10.2,NA,217,2,94.54,NA,"Beta","notifications","baja","failed"
13.7,6.13,229,1,61.82,60.47,"Alpha","auth","baja","success"
19.99,2.49,207,0,90.35,17.6,"Gamma","ui","alta","success"
5.51,14.94,211,3,50.16,10.9,"Gamma","database","baja","success"
23.27,NA,242,1,87.14,NA,"Alpha","auth","alta","failed"
12.06,5.17,209,0,86.47,11.72,"Alpha","payments","media","success"
6.8,2.66,233,1,78.92,56.18,"Gamma","ui","media","success"
14.53,2.86,210,1,78.85,5.85,"Delta","ui","alta","success"
12.04,3.17,224,3,79.12,4.83,"Beta","database","alta","success"
5.13,3.81,206,2,81.8,16.39,"Delta","api","baja","success"
23.06,5.63,201,3,54.19,5.48,"Gamma","ui","baja","success"
16.15,5.43,214,1,50.71,23.67,"Gamma","api","baja","success"
10.23,4.63,226,1,79.51,3.26,"Beta","notifications","media","success"
5.42,11.9,223,2,91.84,9.24,"Gamma","api","baja","success"
8.38,3.85,231,0,97.32,38.8,"Gamma","database","media","success"
8.58,4.08,194,1,89.91,3.88,"Gamma","auth","alta","success"
6.38,6,207,1,63.3,13.27,"Alpha","ui","media","success"
9.59,2.13,215,1,78.51,42.93,"Beta","database","alta","success"
4.34,7.74,238,NA,78.8,55.2,"Delta","ui","alta","rolled_back"
10.23,NA,221,1,70.03,5.75,"Delta","api","baja","failed"
6.74,2.94,219,1,87.82,0.73,"Delta","ui","baja","success"
13.22,3.76,220,1,58,5.46,"Gamma","database","baja","success"
10.17,5.71,213,1,86.16,27.04,"Gamma","ui","media","success"
16.09,7.08,196,1,84.61,29.71,"Gamma","notifications","media","success"
17.45,3.1,205,0,85.27,13.98,"Delta","api","media","success"
3.64,5.54,212,1,78.05,48.28,"Delta","api","media","success"
24.15,4.68,215,1,56.53,15.64,"Beta","database","baja","success"
9.13,5.77,205,0,91.04,6.6,"Delta","ui","media","success"
7.08,NA,239,0,83.14,11.78,"Alpha","api","crítica","failed"
8.55,8.19,213,0,78.96,2.16,"Alpha","ui","baja","success"
9.08,6.55,213,1,70.46,31.64,"Gamma","notifications","crítica","success"
8.27,6.64,230,2,80.11,6.56,"Gamma","notifications","media","success"
22.59,6.29,209,3,66.93,7.94,"Gamma","ui","media","success"
14.22,5.42,220,0,85.47,21.15,"Gamma","ui","alta","success"
22.12,4.73,206,0,84.6,34.71,"Alpha","ui","baja","success"
17.21,9.66,235,0,59.2,14.48,"Alpha","api","alta","success"
11.88,2.51,215,1,78.84,36.29,"Delta","ui","media","success"
11.48,3.96,224,3,89.12,13.12,"Beta","database","alta","success"
21.61,8.26,220,1,70.86,17.2,"Beta","auth","baja","success"
6.15,8.14,195,1,55.49,1.07,"Delta","auth","media","success"
12.87,5.97,225,1,51.86,3.84,"Beta","auth","media","success"
8.58,2.76,215,0,78.29,115.89,"Gamma","database","crítica","success"
8.68,6.18,245,1,88.2,18.19,"Beta","api","media","success"
8.39,2.12,215,4,87.46,3.52,"Delta","ui","crítica","success"
12.06,2.35,217,0,56.88,37.53,"Delta","api","alta","success"
8.97,9.75,223,1,86.62,69.86,"Beta","database","baja","success"
8.05,4.5,205,3,94.96,13.29,"Beta","database","baja","success"
18.18,5.6,206,0,73.93,13.28,"Beta","ui","media","success"
4.14,NA,234,0,NA,44.45,"Gamma","payments","media","failed"
6.9,NA,217,1,68.16,20.22,"Gamma","auth","baja","failed"
10.39,4.44,211,1,81.46,38.94,"Delta","payments","crítica","success"
9.66,4.01,236,5,93.74,NA,"Delta","api","alta","rolled_back"
21.16,6.09,224,2,79.93,16.27,"Delta","payments","alta","success"
9.2,6.59,208,0,76.62,3.6,"Alpha","ui","baja","success"
5.15,3.13,201,1,82.29,92.41,"Beta","notifications","alta","success"
9.13,NA,218,0,72.89,NA,"Beta","auth","baja","failed"
18.72,3.83,217,0,76.89,8.02,"Beta","auth","alta","success"
16.32,6.72,200,1,74.83,4.34,"Beta","auth","alta","success"
14.13,5.92,231,0,86.99,21.09,"Alpha","api","crítica","success"
5.01,5.38,235,1,59.5,114.8,"Gamma","api","alta","success"
24.96,4.13,232,NA,75.4,25.33,"Beta","api","media","rolled_back"
10.23,5.44,225,1,82.58,25.13,"Alpha","database","media","success"
13.24,3.08,220,2,73.51,43.47,"Gamma","api","baja","success"
7.58,12.48,199,0,67.99,4.66,"Alpha","auth","media","success"
12.83,2.96,204,2,70.15,22.91,"Beta","database","baja","success"
11.58,1.93,201,2,77.05,43.49,"Alpha","api","baja","success"
7.23,NA,209,2,92.63,5.04,"Delta","database","media","failed"
16.13,2.56,205,2,87.47,82.9,"Gamma","api","media","success"
17.8,5.57,212,3,NA,6.73,"Gamma","ui","baja","success"
13.44,4.34,215,1,41.87,3.44,"Beta","api","baja","success"
7.88,6.89,208,0,95.99,89.46,"Alpha","database","media","success"
3.7,9.76,218,3,67.27,31.41,"Gamma","api","media","success"
13.61,1.52,220,0,77.73,53.22,"Gamma","ui","baja","success"
9.46,3.98,221,0,80.59,9.36,"Delta","notifications","baja","success"
16.23,5.29,226,4,75.4,44.17,"Gamma","ui","media","success"
13.1,3.33,224,1,71.22,86.08,"Alpha","api","media","success"
12.99,4.11,214,0,84.52,52.35,"Delta","ui","baja","success"
11.41,5.96,218,1,86.61,22.35,"Beta","api","media","rolled_back"
10.41,7.69,188,0,94.06,31.08,"Alpha","notifications","media","success"
6.88,NA,217,1,70.26,8.9,"Alpha","auth","alta","failed"
21,4.87,234,1,91.82,16.03,"Alpha","auth","baja","success"
9.06,4.13,210,2,71.3,13.67,"Gamma","api","baja","success"
15.19,6.67,214,3,65.28,18.88,"Delta","auth","baja","success"
22.36,NA,245,2,73.8,24.1,"Delta","ui","media","failed"
14.01,5.81,215,1,88.47,9.68,"Delta","payments","media","success"
8.4,5.53,204,0,84.45,2.42,"Beta","notifications","baja","success"
10.17,NA,222,3,75.39,3.13,"Beta","ui","alta","failed"
15.78,5.62,200,2,68.82,4.45,"Beta","ui","baja","success"
10.47,9.21,211,0,81.2,35.15,"Beta","ui","alta","success"
9.98,5.58,190,0,91.91,34.67,"Delta","ui","baja","success"
17.22,NA,203,2,61.93,50.59,"Delta","api","alta","failed"
14.16,17.78,203,2,64.49,4.79,"Delta","ui","alta","success"
13.87,4.05,238,1,60.9,2.52,"Delta","ui","media","success"
2.85,2.24,226,1,81.16,1.15,"Beta","api","media","success"
10.52,NA,219,2,76.73,NA,"Gamma","ui","media","failed"
11.44,2.69,237,2,50.76,23.2,"Delta","api","baja","success"
11.37,4.96,225,2,68.74,6.74,"Alpha","api","baja","success"
11.16,4.25,203,1,72.12,1.67,"Alpha","ui","media","success"
9.16,6.72,228,0,81.29,10.89,"Alpha","auth","media","success"
5.51,7.44,203,1,82.79,0.96,"Beta","ui","media","success"
11.23,5.24,222,2,79.25,36.44,"Gamma","api","baja","success"
13.02,7.05,218,0,73.17,27.98,"Delta","api","baja","success"
7.79,6.94,232,2,86.62,4.03,"Gamma","api","alta","success"
9.61,6.64,222,1,67.83,55.2,"Beta","payments","baja","success"
9.76,1.88,223,4,59.11,31.44,"Alpha","database","baja","success"
7.32,4.39,219,0,98.39,40.18,"Alpha","api","media","success"
13.14,4.38,225,0,64.36,19.17,"Beta","api","alta","success"
11.48,7.18,236,2,73.37,19.48,"Beta","api","media","success"
27.21,NA,219,1,85.86,19.92,"Delta","api","media","failed"
9.63,4.2,222,2,58.63,10.17,"Alpha","payments","media","success"
3.46,7.8,222,2,74.76,24.45,"Alpha","api","media","success"
14.9,2.97,212,3,83.75,6.11,"Gamma","auth","alta","success"
8.87,10.82,212,1,55.82,13.11,"Beta","api","alta","success"
12.89,2.88,195,1,89.45,12.9,"Delta","payments","baja","success"
9.57,5.52,206,1,81.54,21.61,"Beta","ui","crítica","success"
9.13,10.36,218,0,79.1,3.91,"Alpha","payments","baja","success"
6.26,7.79,228,1,72.23,28.7,"Alpha","api","media","success"
16.82,4.44,237,6,86.8,12.17,"Gamma","api","crítica","success"
10.8,5.9,197,1,74.46,76.09,"Gamma","notifications","media","success"
11.17,2.07,217,1,77.93,28.63,"Beta","api","alta","success"
14.32,5.79,240,3,71.01,16.78,"Gamma","auth","alta","success"
14.05,5.86,218,2,58.27,13.78,"Delta","auth","media","success"
16.07,1.67,216,2,73.58,34.91,"Gamma","api","alta","success"
26.3,6.46,214,1,65.64,20.79,"Beta","api","crítica","success"
5.22,5.36,223,2,83.07,4.23,"Delta","auth","media","success"
9.21,2.52,207,0,84.46,0.75,"Gamma","api","media","success"
6.83,8.42,214,2,86.74,10.3,"Gamma","database","media","success"
9.16,6.8,197,1,86.71,7.84,"Alpha","ui","baja","success"
8.75,NA,214,1,52.87,54.2,"Gamma","payments","media","failed"
7.69,7.39,251,0,68.32,47.43,"Beta","payments","media","success"
10.11,9.37,248,2,65.73,38.7,"Alpha","auth","baja","success"
8.72,5.04,251,0,83.35,50.54,"Gamma","ui","baja","success"
6.22,4.08,228,3,79.46,3.55,"Beta","ui","media","success"
7.6,4.58,213,1,81.52,86.93,"Beta","api","baja","success"
13.1,1.51,236,0,78.49,12.78,"Beta","ui","media","success"
6.35,4.74,202,3,85.54,32.72,"Beta","api","baja","success"
9.19,5.57,235,0,84.05,NA,"Delta","payments","baja","rolled_back"
11.88,7.39,221,1,82.1,8.19,"Beta","auth","alta","success"
15.9,6.39,241,0,62.44,64.45,"Gamma","ui","alta","success"
8.63,4.73,201,1,63.53,23.83,"Alpha","notifications","media","success"
8.31,3.06,240,1,81.82,15.88,"Delta","api","media","success"
11.42,5.84,227,1,77.57,7.67,"Beta","database","media","success"
17.4,NA,214,0,80.39,42.73,"Delta","api","alta","failed"
8.96,2.86,236,1,67.57,25.99,"Gamma","api","crítica","success"
2.99,4.74,242,2,67.63,35.49,"Gamma","api","media","success"
11.11,4.06,213,1,72.89,61.56,"Gamma","api","media","success"
8.91,2.7,219,3,76.44,14.96,"Alpha","ui","baja","success"
5.52,2.87,230,1,93.04,105.06,"Beta","ui","media","success"
10.56,NA,209,1,64.57,32.47,"Beta","ui","media","failed"
6.86,6.02,224,2,64.88,8.15,"Delta","ui","baja","success"
14.12,7.43,242,1,61.83,16.6,"Alpha","ui","media","rolled_back"
8.37,5.53,197,1,52.68,28.96,"Gamma","ui","media","success"
3.97,0.7,221,1,55.62,24.27,"Alpha","database","media","success"
16.66,8.95,248,3,76.46,12.34,"Alpha","database","baja","success"
3.48,6.31,222,1,NA,8.31,"Beta","database","media","success"
16.5,2.98,203,0,77.42,16.93,"Beta","payments","media","success"
21.15,13.02,211,0,84.33,2.25,"Gamma","api","baja","success"
8.74,2.21,254,2,71.91,21.08,"Beta","auth","alta","success"
10.03,10.09,207,1,59.33,49.26,"Alpha","payments","media","success"
5.27,4.15,214,NA,60.03,49.42,"Delta","api","baja","rolled_back"
7.1,3.96,223,1,89.2,NA,"Gamma","payments","baja","rolled_back"
10.32,NA,230,2,64.22,3.99,"Beta","api","media","failed"
7.66,11.3,254,2,62.86,2.57,"Beta","api","baja","success"
8.4,6.52,227,0,84.24,28.3,"Delta","api","baja","success"
15.85,12.25,221,2,63.08,10.13,"Alpha","api","baja","success"
28.12,3.53,208,0,88.6,17.56,"Gamma","api","media","success"
8.62,9.3,252,0,56.94,31.78,"Delta","auth","alta","success"
13.19,1.48,222,1,83.3,9.06,"Beta","payments","media","success"
13.78,7.47,237,NA,75.59,NA,"Delta","ui","baja","rolled_back"
11.67,NA,222,1,61.62,NA,"Gamma","payments","media","failed"
21.56,4.47,234,3,77.15,90.16,"Alpha","api","baja","success"
24.36,4.61,218,0,92.12,12.49,"Alpha","auth","media","success"
6.24,7.24,226,0,87.17,1.59,"Beta","ui","media","success"
8.78,1.57,234,2,81.11,68.96,"Delta","auth","media","success"
7.89,7.22,230,0,55.8,6.98,"Beta","api","baja","success"
6.89,NA,251,0,NA,NA,"Gamma","notifications","media","failed"
20.4,NA,222,0,68.42,11.14,"Alpha","database","baja","failed"
6.8,3.43,222,3,78.31,9.79,"Beta","ui","media","success"
10.36,2.08,187,3,62.97,44.4,"Alpha","ui","baja","success"
20.79,6.31,214,1,87.14,16.37,"Beta","database","media","success"
13.37,NA,213,2,73.38,4.8,"Alpha","api","alta","failed"
9.82,4.65,218,0,77.71,22.47,"Gamma","ui","crítica","success"
8.24,4.76,209,1,82.37,72.09,"Beta","auth","media","success"
14.47,NA,224,0,71.55,NA,"Alpha","api","media","failed"
8.02,3.66,216,1,89.1,15.7,"Alpha","ui","baja","success"
8.41,3.15,227,0,78.49,10.62,"Alpha","api","crítica","success"
15.16,5.52,238,0,67.95,11.52,"Delta","ui","baja","success"
9.69,7.6,204,2,79.21,38.86,"Beta","auth","alta","success"
9.74,4.73,206,0,63.63,10.89,"Delta","database","baja","success"
6.02,4.17,227,1,71.69,35.44,"Alpha","api","alta","success"
10.91,5.09,223,0,87.73,26.25,"Gamma","ui","baja","success"
10.82,4.13,220,2,79.02,34.95,"Gamma","auth","media","success"
15.43,5.46,203,2,77.63,4.83,"Delta","ui","baja","success"
12.11,2.77,204,1,68.1,69.03,"Beta","auth","alta","success"
6.62,8.14,224,0,87.54,13,"Gamma","api","media","success"
10.23,8.46,226,2,74.86,4.59,"Delta","notifications","alta","success"
4.15,3.41,221,0,52.91,26.51,"Alpha","ui","baja","success"
10.76,1.93,203,1,68.12,85.6,"Alpha","api","media","success"
21.58,6.86,211,0,79.11,23.91,"Gamma","ui","media","success"
13.48,NA,234,0,87.59,NA,"Delta","database","baja","failed"
9.3,6.2,219,0,81.01,40.58,"Alpha","ui","media","success"
9.73,NA,194,2,77.75,53.67,"Alpha","auth","media","failed"
3.28,7.53,210,3,65.03,4.68,"Delta","database","media","success"
8.99,8.4,242,1,NA,4.62,"Delta","api","baja","rolled_back"
18.78,7.51,201,1,83.85,29.75,"Beta","notifications","baja","success"
9.67,4.29,244,1,89.68,7.21,"Alpha","api","media","success"
8.27,1.79,198,3,71.28,4.92,"Gamma","ui","alta","success"
15.66,5.4,199,2,85.68,14.1,"Delta","ui","baja","success"
12.97,1.36,216,0,80.59,34.15,"Alpha","payments","media","success"
9.55,6.78,245,1,42.58,1.99,"Alpha","ui","media","success"
15.42,3.58,201,3,81.02,56.24,"Beta","auth","alta","success"
7.55,5.52,195,0,69.68,6.82,"Beta","notifications","alta","success"
6,5.49,228,1,72.51,4.53,"Alpha","payments","alta","success"
15.59,7.5,229,0,70.92,15.1,"Gamma","ui","media","success"
18.01,6.93,219,NA,97.75,55.91,"Alpha","ui","baja","rolled_back"
18.9,9.47,230,2,73.91,33.94,"Gamma","database","media","success"
13.74,4.77,213,0,92.68,26.88,"Gamma","ui","alta","success"
8.05,2.65,229,0,81.85,37.2,"Alpha","api","alta","success"
3.75,9.62,229,0,75.94,11.59,"Alpha","ui","crítica","success"
3.21,7.91,237,NA,82.23,0.5,"Gamma","payments","crítica","rolled_back"
11.95,4.44,221,0,89.33,0.62,"Gamma","api","baja","success"
6.83,6.16,217,1,68.76,0.76,"Beta","payments","baja","success"
17.59,3.72,230,3,71.36,38.9,"Alpha","api","alta","success"
12.27,1.78,241,0,70.33,2.71,"Gamma","ui","media","success"
12.6,5.5,202,0,74.27,34.11,"Alpha","ui","alta","success"
7.09,5.83,222,0,75.05,39.28,"Delta","api","baja","success"
7.47,4.14,213,2,55.54,24.94,"Beta","auth","baja","success"
12.76,8.97,211,2,76.83,67.48,"Delta","api","media","success"
13.93,NA,211,0,90.14,NA,"Gamma","api","alta","failed"
10.45,10.02,226,1,74.12,50.05,"Gamma","notifications","alta","success"
8.5,NA,237,1,88.11,NA,"Alpha","api","alta","failed"
7.39,4.3,208,1,70.13,11.93,"Alpha","auth","alta","success"
12.81,5.8,232,1,92.77,76.12,"Beta","api","alta","success"
5.86,7.78,221,1,67.67,3.78,"Alpha","ui","media","success"
12.57,3.98,232,3,85.16,6.36,"Beta","auth","alta","success"
2.65,10.43,248,0,72.49,5.48,"Alpha","notifications","media","success"
7.45,5.46,222,1,81.15,25.89,"Alpha","ui","baja","success"
17.51,NA,227,3,73.54,6.51,"Delta","payments","baja","failed"
13.47,6.67,217,2,63.67,103.35,"Beta","api","baja","success"
19.52,4.7,219,1,83.67,24.95,"Gamma","database","media","success"
10.85,6.68,221,0,90.98,13.89,"Gamma","notifications","baja","success"
12.15,3.52,212,2,74,37.29,"Gamma","api","baja","success"
4.88,5.19,197,0,71.88,17.44,"Delta","api","media","success"
13,4.1,206,1,92.04,16,"Beta","api","baja","success"
5.45,8.65,227,0,73.86,19.26,"Alpha","payments","media","success"
10.25,6.69,201,1,61.59,10.33,"Gamma","database","baja","success"
18.13,8.01,223,1,91.83,4.99,"Alpha","notifications","media","success"
14.09,3.67,214,1,89.2,79.26,"Gamma","api","baja","success"
4.59,8.77,219,1,86.85,100.09,"Delta","notifications","baja","success"
24.24,6.84,221,0,80.35,37.63,"Delta","database","media","success"
11.69,11.38,209,2,74.14,4.02,"Gamma","api","baja","success"
17.08,9.97,208,3,79.61,57.23,"Alpha","ui","alta","success"
9.47,4.36,218,0,65.77,39.31,"Beta","ui","baja","success"
13.33,7.09,245,1,80.55,36.99,"Delta","auth","alta","success"
9.64,6.88,233,1,69.14,9.24,"Gamma","payments","baja","success"
6.93,NA,220,0,77.78,NA,"Delta","api","media","failed"
5.13,2.66,213,0,85.34,17.58,"Gamma","auth","baja","success"
8.34,4.02,238,2,91.54,2.2,"Beta","auth","baja","success"
23.59,2.28,211,1,86.95,34.79,"Alpha","ui","baja","success"
13.13,5.54,237,2,71.5,24.98,"Beta","api","baja","success"
7.73,2.02,189,0,44.78,10.03,"Beta","auth","baja","success"
7.25,10.62,215,1,96.45,23.17,"Beta","auth","media","success"
23.96,1.82,219,3,87.83,36.02,"Alpha","auth","baja","success"
23.62,6.51,226,1,78.17,12.07,"Beta","auth","baja","success"
14.2,2.84,233,0,71.59,34.3,"Delta","payments","alta","success"
8.97,NA,226,3,48.32,83.16,"Delta","api","baja","failed"
7.81,5.2,223,1,83.35,4.31,"Delta","notifications","alta","success"
6.35,1.97,225,1,28.61,0.85,"Alpha","api","baja","success"
11.88,NA,237,1,78.25,NA,"Gamma","ui","alta","failed"
5.64,2.64,241,0,82.98,14.73,"Delta","auth","alta","success"
11.59,7.13,205,0,70.61,16.22,"Delta","ui","media","success"
17.34,4.27,222,0,81.12,31.36,"Alpha","api","media","success"
12.35,6.13,215,0,90.47,32.66,"Beta","auth","baja","success"
12.89,4.36,211,0,59.63,14.67,"Beta","auth","crítica","success"
7.46,3.77,240,2,78.87,116.44,"Gamma","ui","baja","success"
9.9,3.38,202,1,79.91,15.06,"Delta","auth","baja","success"
7.07,2.9,237,4,87.52,23.36,"Delta","api","media","success"
16.32,NA,212,1,88.42,46.52,"Beta","database","media","failed"
15,7.44,224,1,79.75,14.41,"Delta","ui","media","success"
35.91,3.71,210,0,56.17,27.5,"Alpha","api","media","success"
6.29,2.96,242,2,81.84,20.2,"Beta","notifications","baja","success"
5.73,10.66,219,1,83.58,11.25,"Gamma","database","baja","success"
11.58,4.01,225,1,84.31,1.76,"Alpha","notifications","crítica","success"
19.21,3.12,230,0,69.69,22.17,"Beta","auth","baja","success"
10.34,4.24,216,0,86.87,36.74,"Delta","notifications","baja","success"
10.13,8.18,228,0,85.37,9.66,"Delta","payments","alta","success"
10.16,8.24,231,4,89.35,18.49,"Alpha","auth","media","success"
10.58,3.29,214,1,88.02,1.82,"Beta","api","media","success"
17.38,3.68,225,1,91.47,37.67,"Beta","database","baja","success"
8.07,5.32,229,3,51.18,27.22,"Alpha","database","baja","success"
16.65,4.75,222,2,77.07,14.37,"Delta","payments","media","success"
4.08,5.33,216,2,80.48,9.22,"Delta","notifications","baja","success"
6.02,6.93,194,2,69.81,82.38,"Alpha","ui","media","success"
22.65,3.6,221,1,91.61,22.21,"Alpha","ui","media","success"
9.32,12.72,243,1,82.22,16.98,"Gamma","api","media","success"
9.61,6.39,238,0,83.17,72.54,"Delta","auth","media","success"
17.49,8.76,228,2,69.43,2.69,"Alpha","payments","baja","success"
3.83,NA,224,1,84.7,9.83,"Beta","api","media","failed"
8.45,NA,208,4,51.24,1.34,"Alpha","api","media","failed"
10.95,5.39,228,1,65.48,4.1,"Alpha","api","media","success"
10.8,5.19,263,0,79.53,6.56,"Alpha","ui","crítica","success"
8.8,9.4,206,0,81.26,100.9,"Gamma","ui","media","success"
15.93,4.84,238,2,80.63,41.79,"Delta","auth","media","success"
2.3,7.53,198,1,74.83,20.69,"Gamma","notifications","baja","success"
15.46,9.45,222,0,95.22,31.02,"Beta","api","media","success"
28.59,3.5,232,0,80.86,25.78,"Alpha","ui","alta","success"
10.88,16.29,214,1,81.05,20.48,"Beta","ui","media","success"
23.92,1.54,242,0,64.21,16.65,"Alpha","ui","media","success"
15.24,3.91,202,0,57.84,28.29,"Alpha","api","media","success"
7.19,3.29,207,3,42.01,4.34,"Beta","api","baja","success"
7.09,6.92,227,2,83.67,5.29,"Delta","ui","media","success"
13.03,1.86,235,1,NA,10.33,"Beta","ui","media","success"
23.59,7.48,232,0,69.07,32.48,"Alpha","database","media","success"
9.64,6.97,219,NA,80.61,NA,"Beta","ui","baja","rolled_back"
14.52,6.06,223,0,62.03,42.82,"Gamma","database","alta","success"
5.97,2.99,237,0,81.67,5.64,"Beta","database","baja","success"
4.93,2.92,223,0,82.16,11.86,"Delta","ui","alta","success"
8.98,7.62,208,0,34.48,10.98,"Beta","api","baja","success"
6.61,8.35,227,2,69.32,33.43,"Gamma","api","alta","success"
18.1,2.27,245,1,93.38,57.71,"Delta","ui","baja","success"
9.35,10.38,216,0,NA,14.37,"Alpha","ui","baja","success"
6.77,5.85,239,2,75.16,59.09,"Beta","ui","alta","success"
12.38,5.06,213,0,65.9,31.23,"Beta","ui","media","success"
15.32,10.43,225,1,85.34,39.45,"Delta","ui","alta","success"
12.53,3.83,195,0,49.34,42.83,"Beta","ui","baja","success"
7.68,5.1,207,0,74.12,105.18,"Delta","auth","baja","success"
22.63,14.4,224,1,76.37,3.59,"Gamma","api","crítica","success"
32.08,9.12,228,0,67.89,16.91,"Alpha","ui","media","success"
7.54,5.45,202,0,96.48,7.18,"Gamma","api","baja","success"
6.32,9.08,207,0,59.06,78.85,"Alpha","auth","baja","success"
6.36,6.63,219,0,75.38,55.92,"Delta","database","alta","success"
12.03,13.31,223,1,85.76,0.69,"Alpha","api","media","success"
11.32,NA,200,2,82.42,48.1,"Gamma","ui","alta","failed"
9.17,6.77,225,1,66.08,56.86,"Beta","database","baja","success"
6.06,7.01,218,1,54.57,11.72,"Alpha","api","media","success"
11.9,7.8,216,2,84.62,44.62,"Gamma","auth","baja","success"
5.54,7.12,219,2,89.09,21.39,"Gamma","api","baja","success"
19.74,4.78,190,1,96.06,12.27,"Delta","ui","alta","success"
16,4.99,200,NA,79.88,18.42,"Delta","ui","media","rolled_back"
11.09,10.43,228,0,77.5,12.98,"Alpha","payments","baja","success"
11.25,9.9,207,0,76.03,8,"Alpha","ui","baja","success"
14.93,6.7,240,2,67.72,13.96,"Beta","ui","media","success"
11.2,9.14,246,1,77.2,5.84,"Alpha","ui","alta","success"
15.73,NA,210,1,82.73,25.31,"Delta","auth","media","failed"
6.29,3.51,199,0,73.14,44.91,"Beta","auth","media","success"
12.06,5.52,214,1,91.47,55.4,"Delta","api","media","success"
24.21,6.48,234,0,72.04,15.49,"Gamma","database","baja","success"
12.67,1.41,219,1,68.95,6.85,"Alpha","api","media","success"
21.62,3.16,212,3,52.95,6.08,"Beta","database","alta","success"
9.2,NA,222,1,81.97,5.4,"Gamma","ui","alta","failed"
10.67,9.55,248,0,86.15,50.3,"Gamma","ui","alta","rolled_back"
14.49,7.9,215,3,97.69,55.56,"Beta","api","baja","success"
10.69,7.73,191,4,95.64,48.47,"Beta","auth","baja","success"
10.61,NA,205,2,84.38,2.34,"Beta","api","baja","failed"
9.92,NA,218,0,63.13,16.94,"Beta","notifications","baja","failed"
8.31,6.33,230,1,66.4,0.68,"Gamma","api","media","success"
6.95,5.55,220,4,84.11,5.16,"Alpha","ui","baja","success"
9.07,5.33,203,0,76.03,41.12,"Beta","ui","alta","success"
9.74,7.24,234,2,80.33,3.14,"Gamma","api","baja","success"
9.49,2.61,211,0,70.05,94.15,"Delta","database","baja","success"
9.65,NA,224,1,79.96,NA,"Beta","payments","alta","failed"
8.87,5.01,236,1,91.58,29.17,"Delta","api","baja","success"
13.24,3.49,230,0,87.28,8.7,"Alpha","auth","media","success"
11.44,9.3,225,3,76.49,13.85,"Gamma","auth","baja","success"
7.74,5.37,235,1,78.59,9.64,"Delta","auth","crítica","success"
8.12,9.72,206,1,66.29,75.87,"Gamma","api","media","success"
5.18,5.77,215,3,73.72,24.04,"Delta","api","media","success"
8.67,6.38,227,0,50.48,47.05,"Beta","database","alta","success"
18.6,3.35,245,3,81.16,22.44,"Alpha","auth","alta","success"
17.63,7.06,229,NA,69.71,NA,"Alpha","auth","baja","rolled_back"
8.11,12.67,216,2,86.17,9.28,"Alpha","api","baja","success"
11.68,4.26,214,0,82.86,36.13,"Gamma","auth","media","success"
20.05,8.07,193,1,79.27,9.71,"Gamma","auth","baja","success"
6.52,1.15,230,1,77.77,8.8,"Alpha","api","crítica","success"
10.5,5.7,225,4,74.4,12.58,"Delta","api","baja","success"
16.4,NA,212,0,NA,15.56,"Delta","database","media","failed"
4.12,6.47,199,4,NA,24.17,"Alpha","notifications","media","success"
12.59,2.47,251,5,74.68,35.06,"Gamma","api","media","success"
17.3,6.11,242,1,48.62,3.97,"Beta","auth","media","success"
15.06,2.94,224,2,81.31,27.46,"Gamma","api","baja","success"
10.06,3.1,232,0,61.54,4.91,"Alpha","ui","baja","success"
8.79,4.91,233,1,77.78,10.6,"Alpha","ui","crítica","success"
14.05,3.6,203,3,71.37,9.92,"Gamma","api","media","success"
17.24,9.09,211,0,77.26,45.06,"Beta","notifications","baja","success"
13.64,10.41,225,NA,84.68,0.97,"Alpha","payments","media","rolled_back"
4.58,3.4,249,2,78.1,13.07,"Beta","notifications","alta","success"
10.94,4.22,239,1,87.22,2.03,"Delta","ui","media","success"
5.99,6.93,201,1,69.34,38.62,"Alpha","api","baja","success"
5.87,13.28,197,1,74.82,82.1,"Beta","auth","media","success"
11.1,10.73,226,1,58.66,0.66,"Alpha","database","crítica","success"
9.17,4.27,205,1,95.22,14.33,"Alpha","ui","alta","success"
16.95,10.47,198,1,56.79,44.43,"Alpha","api","media","success"
17.41,6.21,226,NA,78.07,30.39,"Beta","auth","baja","rolled_back"
15.1,6.52,245,2,76.16,4.51,"Delta","auth","media","success"
8.39,5.88,214,1,72.31,4.59,"Delta","auth","baja","success"
9.82,3.03,205,3,76.08,25.83,"Gamma","ui","media","success"
12.39,4.41,238,NA,63.13,46.29,"Beta","api","media","rolled_back"
5.75,NA,220,1,91.14,NA,"Gamma","api","media","failed"
7.34,5.92,238,0,62.19,76.45,"Alpha","auth","baja","success"
18.88,6.7,203,1,80.69,10.01,"Delta","notifications","media","success"
17.26,8.33,215,3,79.06,33.82,"Beta","ui","media","success"
4.77,5.63,236,0,72.4,15.66,"Gamma","ui","media","success"
7.16,NA,238,0,50.88,89.75,"Delta","ui","media","failed"
10.88,NA,252,1,71.31,9.06,"Delta","ui","alta","failed"
14.19,4.03,225,4,74.7,33.79,"Gamma","auth","media","success"
6.49,1.74,219,1,67.24,10.6,"Gamma","notifications","media","success"
8.8,NA,192,5,82.77,19.73,"Beta","database","alta","failed"
5.8,10.09,189,1,65.82,3.78,"Gamma","notifications","baja","success"
18.07,5.4,232,2,50.49,60.84,"Gamma","ui","alta","success"
9.33,5.94,193,2,86.47,11.68,"Beta","auth","media","success"
10.17,17.32,224,1,73.63,68.03,"Gamma","auth","baja","success"
8.13,NA,216,1,68.19,13.43,"Delta","api","baja","failed"
8.86,2.24,231,1,73.91,3.5,"Alpha","api","crítica","success"
9.81,6.07,226,0,91.37,49.13,"Beta","api","media","success"
6.75,4.9,243,1,70.37,5.2,"Alpha","auth","baja","success"
6.63,7.33,229,1,87.56,37.72,"Delta","ui","media","success"
14.38,8.59,245,1,77.29,16.1,"Gamma","database","media","success"
7.34,2.47,222,1,88.49,27.14,"Beta","notifications","crítica","success"
15.23,NA,245,2,84.64,NA,"Delta","auth","baja","failed"
11.45,1.88,236,2,62.24,9.99,"Delta","api","media","success"
9.77,8.91,237,1,80.49,5.46,"Delta","api","media","success"
13.51,2.49,243,0,72.72,26.19,"Alpha","api","media","success"
11.04,6.06,226,2,90.68,14.7,"Alpha","payments","crítica","success"
13.6,2.51,247,1,53.09,45.81,"Beta","database","media","success"
7,7.18,227,3,84.61,5.72,"Gamma","auth","media","success"
11.06,5.87,220,3,75.18,11,"Delta","api","media","success"
11.01,10.69,217,1,86.81,6.67,"Delta","ui","baja","success"
13.71,3.7,189,2,66.49,19.18,"Beta","auth","media","success"
12.4,6.01,215,0,70.8,4.77,"Beta","auth","media","success"
14.28,8.1,224,1,70.14,34.56,"Delta","api","media","success"
8.29,NA,214,0,66.1,14.95,"Gamma","auth","baja","failed"
14.1,4.24,217,3,68.18,7.74,"Alpha","notifications","alta","success"
11.96,5.38,226,0,73.92,57.41,"Delta","api","media","success"
16.41,6.3,225,2,49.54,77.02,"Delta","database","baja","success"
13.35,1.63,216,1,75.19,24.93,"Delta","auth","alta","success"
8.96,8.69,231,1,95.72,2.8,"Gamma","payments","media","success"
6.75,5.25,223,1,74.08,39.15,"Delta","ui","alta","success"
11.63,2.68,198,3,80.48,7.51,"Gamma","auth","baja","success"
9.57,6.72,213,2,88.62,5.49,"Gamma","api","media","success"
6.01,1.35,218,1,81.38,1.49,"Delta","api","media","success"
4.47,1.08,217,1,66.08,25.47,"Alpha","ui","alta","success"
10.68,7.52,215,1,66.6,9.48,"Gamma","api","media","success"
11.96,5.69,245,1,82.76,7.23,"Delta","ui","media","success"
8,3.96,209,2,66.35,1.48,"Alpha","database","alta","success"
7.29,1.59,223,2,74.8,57.5,"Alpha","notifications","baja","success"
5.92,1.91,196,2,92.6,14.5,"Gamma","ui","media","success"
20.41,NA,228,0,71.9,85.12,"Alpha","ui","baja","failed"
11.85,3.62,212,3,69.62,3.54,"Alpha","ui","media","success"
22.49,3.03,227,1,90.49,9.3,"Delta","ui","media","success"
11.15,7.37,238,3,78.29,84.99,"Gamma","auth","baja","rolled_back"
6.38,13.22,205,0,68.99,7.19,"Beta","api","alta","success"
11.16,NA,245,0,69.46,NA,"Alpha","ui","media","failed"
9.93,16.29,230,1,77.48,18.82,"Beta","api","media","success"
10.56,7.71,228,3,78.44,21.13,"Alpha","auth","baja","success"
6.36,5.66,228,0,72.38,13.67,"Delta","ui","alta","success"
17.47,4.47,198,1,85.71,26.46,"Beta","database","media","success"
11.07,7.34,222,0,74.63,11.26,"Beta","api","media","success"
13.17,5.3,229,0,77.47,4.81,"Gamma","ui","baja","success"
11.35,13.36,206,1,82.79,13.24,"Beta","ui","baja","success"
7.62,5.74,215,5,75.22,62.48,"Beta","auth","alta","success"
10.79,NA,221,2,65.42,68.13,"Alpha","auth","baja","failed"
7.96,5.17,225,1,76.23,52.03,"Delta","api","media","success"
13.43,8,242,NA,71.36,13.21,"Alpha","api","media","rolled_back"
17.01,5.68,214,0,56.06,7.43,"Delta","ui","media","success"
4.62,1.98,211,NA,69.72,NA,"Beta","api","alta","rolled_back"
8.57,2.51,221,2,78.87,11.65,"Beta","payments","media","success"
7.68,9.83,215,1,80.31,NA,"Alpha","ui","baja","rolled_back"
7.22,5.41,217,0,93.24,1.85,"Gamma","auth","alta","success"
10.48,NA,230,0,49.01,NA,"Alpha","notifications","baja","failed"
12.28,3.37,221,0,83.37,18.89,"Beta","payments","crítica","success"
8.39,7.99,205,1,70.45,37.88,"Alpha","api","media","success"
4.2,7.99,232,1,75.95,72.18,"Beta","auth","media","success"
6.29,3.05,228,3,68.15,5.56,"Gamma","api","baja","success"
18.18,8.19,184,1,76.4,39.01,"Alpha","payments","media","success"
11.23,11.23,211,2,74.72,6.18,"Alpha","api","media","success"
24.11,NA,213,1,92.84,46.23,"Gamma","auth","alta","failed"
14.58,5.64,213,1,70.51,9.85,"Alpha","api","alta","success"
11.43,2.77,238,2,85.9,15.75,"Beta","ui","media","success"
10.17,3.74,228,1,82.14,8.91,"Alpha","auth","media","success"
14.62,7.74,220,1,80.63,7.51,"Alpha","auth","media","success"
11.29,NA,221,1,75.24,NA,"Beta","ui","media","failed"
7.52,NA,227,0,63.53,NA,"Alpha","api","media","failed"
13.52,NA,194,0,86.56,4.94,"Beta","payments","baja","failed"
7,11.1,230,2,67.99,5.5,"Beta","auth","media","success"
8.23,3.1,222,0,52.19,23.56,"Delta","api","media","success"
12.39,12.01,214,NA,86.86,9.39,"Beta","api","baja","rolled_back"
8.18,4.07,255,0,89.39,28.92,"Gamma","ui","media","success"
5.07,4.86,218,3,93.55,21.11,"Alpha","ui","media","success"
12.45,6.37,216,1,88.67,49.95,"Beta","auth","crítica","rolled_back"
12.07,3.43,210,2,81.5,11.97,"Alpha","auth","baja","success"
18.9,2.68,216,1,57.61,71.88,"Beta","ui","baja","success"
20.65,NA,194,0,80.45,NA,"Gamma","ui","baja","failed"
5.53,5.48,217,1,82.98,16.6,"Gamma","api","media","success"
7.52,11.26,201,1,68.47,6.8,"Beta","ui","media","success"
10.89,6.39,246,1,93.86,1.58,"Delta","auth","media","success"
17.65,3.9,236,2,74.57,4.09,"Delta","auth","crítica","success"
9.55,2.53,265,1,78.49,45.17,"Beta","database","baja","success"
7.15,5.17,226,4,67.86,49.14,"Beta","notifications","baja","success"
7.42,NA,211,1,98.15,6.29,"Alpha","ui","media","failed"
6.82,5.89,228,0,81.72,14.03,"Alpha","ui","baja","success"
22.32,6.97,205,0,57.92,35.26,"Gamma","api","media","success"
7.9,5.99,223,0,82.65,16.23,"Delta","ui","media","success"
17.13,13.29,263,2,59.75,8.48,"Beta","api","media","success"
13.25,5.45,231,0,53.38,64.26,"Alpha","auth","media","success"
11.72,9.63,223,0,81.72,9.27,"Beta","api","alta","success"
10.26,13.87,212,0,98.28,11.47,"Beta","ui","baja","success"
10.68,2.12,218,2,62.23,37.2,"Delta","api","alta","success"
13.7,11.04,232,2,80.12,3.56,"Gamma","auth","media","success"
12.26,3.68,242,0,92.3,56.29,"Beta","payments","baja","success"
5.42,NA,206,1,64.85,55.43,"Beta","database","crítica","failed"
9.75,3.63,229,NA,78.89,10.64,"Gamma","ui","alta","rolled_back"
10.67,4.2,222,2,75.02,1.79,"Beta","auth","alta","success"
11.56,2.31,232,0,88.3,29.4,"Delta","auth","baja","success"
8.74,7.3,215,3,85.23,52.59,"Beta","ui","crítica","success"
18.36,NA,217,1,68.79,NA,"Delta","payments","media","failed"
6.78,10.8,213,4,87.27,126.96,"Alpha","notifications","crítica","success"
18.51,3.77,215,1,62.39,28.62,"Delta","notifications","media","success"
6.47,4.26,205,2,61.84,64.57,"Beta","auth","media","success"
21.56,7.73,211,1,84.12,4.18,"Delta","auth","baja","success"
18.72,5.08,244,2,47.33,26.74,"Delta","database","media","success"
10.98,3.46,210,2,93.33,18.5,"Delta","auth","media","success"
14.36,4.69,207,1,75.99,33.59,"Beta","auth","media","success"
3.03,4.99,212,1,NA,6.28,"Gamma","ui","media","success"
4.1,2.05,215,0,84.29,10.85,"Beta","ui","media","success"
8.76,8.21,240,0,90.63,7.11,"Beta","ui","media","success"
8.48,11.1,224,1,74.99,5.93,"Beta","auth","media","success"
16.73,9.23,201,2,56.79,21.23,"Gamma","auth","baja","success"
20.58,12.09,234,1,84.16,24.55,"Delta","api","baja","success"
6.04,NA,219,1,55.6,46.02,"Beta","api","baja","failed"
7.38,6.94,233,4,68.14,9.81,"Gamma","ui","baja","success"
7.33,5.82,231,1,NA,49.66,"Delta","api","media","success"
5.21,12,223,1,61.97,11.55,"Alpha","api","baja","success"
27.44,5.98,212,0,83.32,4.93,"Alpha","api","alta","success"
13.96,7.53,228,0,91.7,31.9,"Alpha","ui","baja","success"
26.29,8.96,223,2,82.06,27.84,"Beta","payments","alta","success"
16.63,9.17,213,3,91.44,10.45,"Gamma","auth","media","success"
19.58,NA,209,2,91.46,49.3,"Beta","api","baja","failed"
9.54,5.68,215,1,82.19,18.63,"Gamma","payments","media","success"
10.46,13.38,234,1,71.3,1.72,"Alpha","api","alta","success"
7,3.84,211,2,90.35,18.59,"Gamma","auth","alta","success"
13.87,4.23,229,2,90.46,40.47,"Delta","ui","baja","success"
11.14,2.31,196,2,80.37,24.14,"Alpha","auth","baja","success"
10.51,2.07,236,1,66.18,1.53,"Gamma","ui","baja","success"
5.48,3.46,229,2,69.49,43.41,"Alpha","notifications","media","success"
3.7,1.67,220,0,84.06,8.87,"Beta","auth","media","success"
6.83,7.72,213,1,88.32,3.6,"Alpha","ui","alta","success"
7.58,5.43,232,2,90.2,22.45,"Delta","ui","alta","rolled_back"
7.91,10.12,238,2,82.88,43.75,"Alpha","ui","media","success"
6.43,NA,217,2,52.8,NA,"Gamma","ui","media","failed"
7.42,6.35,200,1,77.56,1.27,"Beta","api","media","rolled_back"
13.7,5.57,222,NA,82.53,68.15,"Beta","payments","baja","rolled_back"
14.6,4.04,239,1,86.72,3.94,"Alpha","ui","alta","success"
10.83,6.33,213,2,76.21,4.47,"Alpha","auth","media","success"
6.95,3.44,219,1,49.79,42.39,"Delta","payments","baja","success"
10.2,2.61,228,1,70.86,3.92,"Gamma","ui","baja","success"
20.53,NA,232,1,77.7,3.18,"Gamma","api","media","failed"
12.76,2.98,219,0,84.13,82.33,"Gamma","ui","media","success"
21.11,4.89,236,0,82.61,75.83,"Beta","api","alta","success"
7.63,7.15,239,1,92.39,48.68,"Gamma","notifications","alta","success"
12.38,8.06,213,0,92.43,36.08,"Beta","notifications","media","success"
4.39,5.16,229,2,76.85,0.68,"Gamma","database","baja","success"
20.5,4,223,2,77.38,20.06,"Beta","api","baja","rolled_back"
16.63,4.53,197,0,84.23,32.53,"Alpha","api","media","success"
16.16,7.26,233,2,51.57,7.31,"Beta","notifications","alta","success"
17.88,6.2,208,1,72.26,25.14,"Delta","ui","baja","success"
7.22,7.09,212,1,56.9,14.52,"Gamma","auth","media","success"
15.91,4.37,226,1,80.16,8.16,"Delta","ui","media","success"
10.11,5.95,206,3,49.55,16.42,"Alpha","api","baja","success"
17.06,14.97,251,1,81.63,21.57,"Gamma","auth","baja","success"
5.94,5.12,240,0,76.82,15.39,"Beta","database","media","success"
10.4,2.94,235,1,72.19,46.8,"Alpha","auth","media","success"
9.63,4.56,219,2,80.04,55.51,"Delta","api","alta","success"
7,NA,209,2,95.86,NA,"Gamma","api","crítica","failed"
19.14,4.2,180,0,82.86,12.5,"Alpha","api","baja","success"
24.86,6.51,214,2,64.2,1.25,"Alpha","database","alta","success"
10.08,5.18,253,0,84.68,41.32,"Beta","api","baja","success"
15.01,5.34,219,1,65.28,1.38,"Alpha","api","media","success"
10.97,5.07,235,1,70.84,9.3,"Beta","api","media","success"
5.83,3.37,227,0,79.02,13.24,"Alpha","database","alta","success"
12.68,8.44,239,1,65.84,3.42,"Alpha","database","media","success"
10.63,NA,218,1,49.6,6.18,"Beta","auth","media","failed"
3.9,NA,191,2,82.56,11.69,"Delta","ui","media","failed"
13.09,3.71,211,2,66.93,2.39,"Gamma","payments","alta","success"
11.13,6,204,0,31.06,102.45,"Alpha","ui","media","success"
6.92,2.65,236,1,87.93,92.7,"Alpha","ui","baja","success"
14.37,5.75,219,2,81.14,37.54,"Alpha","auth","baja","success"
12.03,10.84,217,1,81.2,10.42,"Beta","ui","media","success"
7.39,6.31,235,2,82.82,3.64,"Alpha","notifications","media","success"
7.31,5.49,208,1,NA,10.89,"Beta","payments","alta","success"
7.38,8.73,224,5,86.68,6.1,"Beta","api","alta","success"
8.97,5.75,215,3,75.73,41.58,"Alpha","api","baja","success"
8.15,1.67,203,2,72.74,58.94,"Alpha","auth","media","success"
4.11,NA,224,4,63.55,NA,"Delta","auth","alta","failed"
16.22,3.6,212,1,66.76,13.07,"Beta","auth","media","success"
8.29,27.89,220,3,78.16,1.72,"Alpha","api","media","success"
12.7,9.86,231,2,64.51,17.36,"Delta","auth","media","success"
12.44,7.38,219,1,77.83,7.99,"Delta","auth","crítica","success"
11.21,12.18,212,3,61.44,12.1,"Alpha","ui","baja","success"
7.95,1.75,199,1,87.85,1.69,"Alpha","database","baja","success"
11.04,NA,223,2,53.6,56.14,"Gamma","api","media","failed"
8.54,9.82,220,3,88.61,22.82,"Delta","auth","media","success"
6.68,3.39,206,0,49.12,23.85,"Gamma","api","media","success"
9.05,12.31,234,0,89.39,8.9,"Beta","api","baja","success"
14.09,5.27,223,0,82.36,31.06,"Beta","api","baja","success"
17.52,11.27,245,0,70.81,25.57,"Gamma","database","baja","rolled_back"
11.61,4.06,202,1,87.99,29.49,"Gamma","api","media","success"
9.72,2.81,193,2,87.61,58.6,"Gamma","ui","alta","success"
3.5,8.58,229,0,NA,14.66,"Alpha","ui","baja","success"
11.51,5.3,241,2,64.59,21.13,"Delta","api","baja","success"
8.74,1.83,216,0,62.9,82.05,"Alpha","payments","media","success"
8.08,4.89,214,1,81.03,1.26,"Delta","ui","media","success"
16.83,9.51,225,2,65.59,0.57,"Alpha","auth","baja","success"
25.49,13.17,229,3,33.11,73.72,"Gamma","auth","baja","success"
12.56,4.42,228,0,67.2,1.18,"Alpha","api","media","success"
9.81,4.86,207,0,20.86,33.67,"Alpha","ui","media","success"
5.41,8.25,230,1,82.4,11.54,"Beta","ui","alta","success"
20.15,10.12,230,1,83.54,73.17,"Alpha","database","media","success"
9.18,9.49,199,1,80.84,43.67,"Alpha","ui","baja","success"
17.95,7.86,227,1,87.92,16.37,"Beta","api","media","success"
10.05,NA,212,2,91.44,106.1,"Gamma","ui","alta","failed"
10.68,2.81,196,1,NA,85.41,"Gamma","api","media","success"
7.78,4.48,212,1,69.25,3.8,"Delta","auth","alta","success"
8.38,2.25,201,1,68.57,15.82,"Beta","auth","alta","success"
6.28,3.84,230,0,77.15,14.85,"Gamma","api","media","success"
22.12,16.33,243,0,74.75,45.19,"Beta","notifications","baja","success"
19.61,3.98,195,1,44.63,11.45,"Gamma","auth","crítica","rolled_back"
4.06,NA,203,2,90.48,NA,"Alpha","ui","media","failed"
10.75,NA,213,3,78.36,12.84,"Beta","api","media","failed"
19.15,NA,197,0,94.16,NA,"Delta","auth","baja","failed"
9.04,5.38,228,2,66.43,4.47,"Alpha","payments","media","success"
7.99,3.25,280,2,79.07,60.18,"Alpha","database","crítica","success"
11.61,6.22,239,0,72.09,8.4,"Beta","database","crítica","success"
14.99,2.01,214,2,59.1,4.73,"Beta","api","alta","success"
16.39,3.12,227,1,76.61,2.93,"Delta","payments","baja","success"
4.78,NA,227,0,69.27,11.7,"Alpha","auth","baja","failed"
10.67,8.02,223,1,52.42,13.04,"Alpha","ui","alta","success"
16.26,8.75,237,1,92.64,78.95,"Delta","auth","baja","success"
17.4,4.21,241,3,70.52,3.48,"Gamma","ui","baja","success"
8.92,11.35,217,1,99.31,12.74,"Beta","notifications","baja","success"
6.14,8.04,200,NA,50.74,24.25,"Alpha","payments","media","rolled_back"
17.49,15.89,218,4,82.81,11.78,"Alpha","payments","baja","success"
13.65,2.41,229,2,64.46,27.95,"Alpha","notifications","baja","success"
13.62,3.17,218,1,87.36,33.48,"Delta","api","media","success"
15,5.69,231,2,66.59,10.23,"Beta","auth","crítica","success"
7.59,6.35,214,1,80.08,2.97,"Beta","notifications","baja","success"
10.05,6.44,215,1,87.76,8.75,"Alpha","api","baja","success"
5.22,9.76,240,0,79.86,0.65,"Beta","api","alta","success"
21.38,6.98,220,1,91.39,14.45,"Gamma","api","baja","success"
13.56,NA,213,1,54.29,17.43,"Beta","api","baja","failed"
6.25,3.9,211,2,60.69,32.08,"Gamma","ui","baja","success"
3.77,4.85,207,2,94.24,8.67,"Beta","auth","alta","rolled_back"
10.78,1.6,245,1,91.6,9.16,"Alpha","auth","baja","success"
21.96,8.23,209,1,84.14,36.23,"Beta","payments","baja","success"
13.39,3.88,216,0,70.44,61.86,"Delta","auth","media","success"
6.9,8.22,230,0,53.21,4.27,"Alpha","api","media","success"
7.32,4.6,231,2,94.82,27.15,"Delta","auth","media","success"
18.86,4.84,218,2,69.5,49.27,"Alpha","ui","media","success"
7.56,8.24,225,1,74.33,100.59,"Beta","payments","media","success"
5.76,NA,218,1,75.25,1.2,"Gamma","ui","media","failed"
10.85,3.62,203,4,94.67,32.92,"Beta","api","media","success"
11.5,2.01,210,2,93.54,29.09,"Beta","ui","alta","success"
9.01,NA,216,1,79.51,7.45,"Beta","ui","media","failed"
7.29,10.98,227,3,91.7,52.17,"Alpha","ui","alta","success"
8.39,5.02,225,2,65.29,22.01,"Alpha","ui","media","success"
16.62,3.82,233,1,62,17.43,"Gamma","ui","alta","success"
5.15,16.75,211,1,83.33,36,"Beta","ui","baja","success"
15.42,1.62,210,3,75.6,24.3,"Delta","api","alta","success"
4.41,NA,207,1,73.92,75.26,"Alpha","ui","baja","failed"
8.78,6.92,212,0,75.9,25,"Delta","ui","baja","success"
12.14,5.52,228,1,58.81,27.22,"Delta","database","baja","success"
5.19,NA,219,2,73.3,NA,"Alpha","api","baja","failed"
7.5,7.72,220,2,98.29,9.98,"Delta","auth","alta","success"
8.11,5.7,193,2,83.49,5.14,"Beta","ui","media","rolled_back"
8.86,5.39,194,1,75.25,3.92,"Alpha","api","media","success"
16.6,8.59,249,2,73.66,1.07,"Alpha","database","alta","success"
9.4,7.06,211,2,93.01,20.89,"Alpha","ui","baja","success"
9.56,7.64,234,1,62.46,78.41,"Alpha","database","alta","success"
6.12,8.85,214,1,90.65,45.99,"Gamma","notifications","baja","success"
6.48,8.64,224,1,73.91,56.66,"Gamma","api","media","success"
14.97,NA,213,1,85.33,76.23,"Gamma","api","media","failed"
16.58,9.09,242,NA,76.33,NA,"Alpha","ui","baja","rolled_back"
16.43,NA,217,0,85.47,5.97,"Alpha","api","media","failed"
11.01,6.11,212,0,83.51,12.14,"Gamma","notifications","baja","success"
11.42,3.94,240,2,89.56,7.03,"Beta","auth","media","success"
9.37,3.75,231,1,63.86,35.33,"Gamma","notifications","baja","success"
2.5,4.23,255,1,76.36,41.6,"Delta","ui","baja","success"
4.24,4.36,200,2,85.14,9.04,"Beta","api","alta","success"
17.11,6.25,218,0,93.05,1.75,"Delta","database","media","success"
9.87,7.17,224,2,65.74,8.19,"Delta","ui","media","success"
15.25,5.02,202,2,26.83,3.89,"Gamma","payments","crítica","success"
6.32,10.96,195,1,80.54,67.76,"Alpha","notifications","crítica","success"
12.71,NA,201,1,67.08,10.88,"Gamma","api","media","failed"
14.56,1.98,244,1,57.69,14.6,"Delta","api","baja","success"
15.24,3.81,222,0,58.85,81.19,"Gamma","api","baja","success"
16.55,NA,239,3,62.11,35.47,"Gamma","api","baja","failed"
8.39,9.38,235,0,70.4,3.44,"Beta","auth","baja","success"
7.75,6.41,205,1,83.83,7.11,"Gamma","payments","baja","success"
5.27,8.1,248,0,72.58,55.63,"Gamma","ui","media","success"
13.67,9.77,240,3,58.06,7.62,"Gamma","api","alta","success"
3.86,8.62,220,2,91.55,105.22,"Gamma","payments","crítica","success"
16.91,NA,228,1,88.77,NA,"Gamma","api","baja","failed"
14.51,NA,194,1,55.59,32.77,"Beta","ui","media","failed"
5.39,NA,237,1,79.65,77.92,"Alpha","auth","alta","failed"
8.7,7.01,230,3,73.45,3.91,"Delta","ui","baja","success"
14.97,10.11,250,1,92.44,39.72,"Gamma","api","baja","success"
6.36,4.54,219,5,64.12,16.04,"Gamma","payments","baja","success"
13.08,3.36,208,4,68.82,17.94,"Gamma","api","baja","success"
4.36,3.48,212,2,88.05,8.13,"Delta","notifications","baja","success"
15.94,10.01,230,0,71.03,14.56,"Delta","auth","media","success"
6.03,2.73,232,2,86.26,12.94,"Gamma","ui","baja","success"
18.31,1.76,209,1,69.41,58.92,"Gamma","ui","baja","success"
14.91,7.14,226,2,86.16,3.44,"Beta","database","alta","success"
7.08,4.09,205,1,84.53,39.63,"Alpha","ui","alta","success"
7.69,5.71,241,0,91.19,24.87,"Alpha","api","baja","success"
26.6,1.23,239,1,73.77,11.65,"Gamma","auth","baja","success"
12.82,NA,240,0,69.81,4.96,"Beta","api","media","failed"
4.71,8.89,211,0,NA,35.94,"Alpha","api","media","success"
10.6,5.3,186,0,67.09,43.01,"Alpha","auth","media","success"
6.01,8.53,222,2,84.5,64.64,"Beta","auth","media","success"
8.96,7.64,220,0,46.59,8.61,"Alpha","api","media","success"
14.45,7.34,244,0,74.63,2.48,"Alpha","auth","media","success"
6.65,7.13,213,2,56.03,52.68,"Gamma","ui","baja","success"
5.69,4.04,211,0,74.09,4.47,"Gamma","api","baja","success"
6.72,3.69,246,1,88.74,9.89,"Alpha","ui","baja","success"
9.47,2.13,214,0,81.94,13.2,"Delta","ui","baja","success"
12.38,NA,240,1,69.11,NA,"Alpha","database","alta","failed"
14.45,5.65,235,0,82.31,26.13,"Beta","payments","baja","success"
15.09,4.04,238,1,94.47,40.94,"Delta","ui","alta","success"
12.98,NA,239,0,72.78,53.4,"Gamma","database","media","failed"
24.84,6.41,194,2,79.23,3.49,"Beta","api","baja","success"
7.66,12.73,203,1,84.98,69.26,"Alpha","auth","media","success"
27.88,7.51,223,2,70.78,17.39,"Gamma","auth","baja","success"
8.16,3.92,211,0,74.03,2.84,"Delta","api","alta","success"
23.93,5.33,207,2,75.65,57.62,"Beta","notifications","baja","success"
6.83,NA,184,2,81.55,NA,"Beta","api","baja","failed"
6.37,4.29,240,0,73.37,3.75,"Beta","ui","baja","success"
10.71,5.93,232,0,79.63,19.11,"Alpha","notifications","alta","success"
6.9,4.67,208,5,41.44,12.01,"Delta","payments","baja","success"
16.86,4.22,234,2,60.7,42.79,"Delta","api","media","success"
20.57,4.52,234,1,61.67,40.86,"Delta","ui","alta","success"
7.67,3.79,213,3,49.65,10.41,"Delta","database","baja","success"
8.55,3.43,234,4,62.31,16,"Gamma","ui","baja","success"
7.78,4.18,223,2,58.05,22.47,"Delta","ui","crítica","success"
11.48,NA,221,0,87.29,5.6,"Delta","notifications","baja","failed"
15.8,8.01,219,1,88.76,21.86,"Beta","notifications","media","success"
13.9,3.45,211,0,64.44,43.49,"Gamma","api","alta","success"
25.12,3.98,207,1,88.79,NA,"Gamma","api","media","rolled_back"
22.11,4.54,246,2,51.06,30.61,"Alpha","ui","baja","rolled_back"
16.44,12.13,231,1,77.5,24.7,"Gamma","payments","crítica","success"
3.37,NA,238,1,82.23,6.57,"Gamma","auth","baja","failed"
8.68,NA,217,2,64.86,NA,"Gamma","ui","media","failed"
14.54,NA,233,1,74.04,15.86,"Alpha","api","media","failed"
7.2,5.6,233,1,72.73,29.76,"Beta","database","baja","success"
13.64,NA,191,1,90.68,NA,"Delta","ui","alta","failed"
15.29,9.67,238,0,92.06,13.26,"Alpha","api","crítica","success"
11.66,5.47,223,0,68.72,23.9,"Beta","auth","alta","success"
19.9,6.41,194,4,84.13,5.04,"Alpha","api","baja","success"
14.66,6.97,222,2,70.27,19.37,"Alpha","ui","media","rolled_back"
12.42,4.09,200,1,86.74,10.02,"Beta","ui","baja","success"
10.35,2.11,202,1,53.97,16.6,"Gamma","ui","crítica","success"
11.8,NA,252,0,85.73,14.45,"Beta","auth","media","failed"
13.1,2.16,213,1,50,12.98,"Gamma","payments","media","success"
11.15,1.66,214,0,57.35,18.13,"Delta","ui","baja","success"
14.01,NA,213,0,83.7,26.13,"Delta","api","media","failed"
10.89,3.56,218,2,37.46,4.19,"Alpha","api","alta","success"
13.64,4.81,220,3,77.18,4.99,"Gamma","auth","alta","success"
2.76,7.29,208,0,82.87,67.16,"Alpha","auth","media","success"
12.9,2.34,200,0,63.77,7.76,"Alpha","api","media","success"
9.4,NA,229,1,86.94,60.87,"Alpha","notifications","crítica","failed"
2.42,10.33,193,1,78.46,5.39,"Gamma","auth","baja","success"
5.06,11.55,246,4,90.02,0.62,"Gamma","database","baja","success"
19.46,6.67,217,0,80.86,1.55,"Gamma","auth","baja","success"
12.51,NA,224,0,62.83,NA,"Beta","auth","crítica","failed"
14.62,4.02,216,1,81.86,10.12,"Gamma","database","media","success"
16.49,5.15,199,1,76.83,13.79,"Alpha","database","baja","success"
6.43,NA,211,1,90.03,10.36,"Alpha","auth","baja","failed"
9.82,NA,215,1,84.5,13.66,"Beta","auth","media","failed"
23.64,6.34,219,2,78.77,29.28,"Beta","api","media","success"
13.93,6.66,219,0,91.39,8.99,"Alpha","api","media","success"
8.52,9.75,226,0,71.18,20.93,"Beta","auth","baja","success"
7.97,6.77,202,0,88.77,15.92,"Delta","api","crítica","success"
10.36,5.47,202,0,69.11,15.11,"Delta","ui","baja","success"
14.17,4.6,236,0,83.11,36.9,"Delta","database","crítica","success"
11.44,3.93,222,1,94.52,12.62,"Beta","notifications","baja","success"
10.92,6.11,225,0,67,4.78,"Alpha","api","alta","success"
17.64,8.94,222,2,33.99,3.19,"Delta","database","alta","success"
7.1,2.75,191,1,70.6,46.54,"Gamma","api","media","success"
8.49,5.91,230,1,87.63,31.65,"Beta","ui","alta","success"
7.14,8.19,224,1,88.5,100.85,"Alpha","api","media","success"
13.12,NA,230,3,76.11,3.01,"Alpha","ui","crítica","failed"
8.2,2.33,222,0,57.68,7.83,"Delta","notifications","media","success"
12.28,4.21,227,2,63.12,15.05,"Delta","api","baja","success"
3.78,3.09,230,2,66,7.06,"Beta","payments","media","success"
10.89,6.06,207,0,70.77,33.04,"Beta","auth","baja","success"
14.5,7.67,221,0,74.8,66.23,"Alpha","auth","crítica","success"
17.01,9.03,228,2,60.8,95.86,"Beta","auth","media","success"
8.19,6.38,212,2,77.12,54.48,"Alpha","payments","baja","success"
12.2,4.96,220,2,70.25,18.4,"Gamma","notifications","alta","success"
17.93,5.21,218,1,73.15,49.69,"Alpha","notifications","baja","success"
9.44,4.4,224,0,90.98,4.57,"Beta","database","alta","success"
10.22,9.75,224,1,71.58,2.73,"Delta","api","media","success"
10.75,5.73,212,1,82.37,5.48,"Beta","database","media","success"
16.87,5.67,239,1,47.73,47.01,"Gamma","ui","alta","success"
5.63,10.7,211,0,74.77,16.33,"Beta","notifications","media","success"
13.14,NA,211,1,68.5,19.07,"Delta","api","media","failed"
19.85,3.75,246,2,62.56,17.64,"Delta","api","alta","success"
9.73,7.55,203,1,80.98,20.59,"Delta","payments","alta","success"
13.14,2.52,208,1,95.95,2.48,"Alpha","notifications","alta","success"
12.95,7.16,250,1,94.68,26.66,"Gamma","api","media","success"
3.67,7.14,214,0,79.33,6.32,"Gamma","notifications","alta","rolled_back"
3.35,7.06,202,1,82.69,25.21,"Gamma","api","baja","success"
30.32,4.8,221,2,71.98,9.71,"Gamma","auth","media","success"
6.07,5.57,205,1,91.52,44.01,"Beta","api","media","success"
10.17,4.31,251,3,61.98,15.85,"Gamma","notifications","media","success"
5.27,NA,210,1,47.5,46.23,"Alpha","api","baja","failed"
7.77,9.27,222,0,81.38,6.28,"Beta","ui","media","success"
12.05,5.34,242,2,73.72,39.79,"Alpha","ui","baja","success"
19.84,3.84,215,0,79.8,28.5,"Gamma","api","baja","success"
14.92,5.16,227,0,72.02,32.26,"Beta","api","alta","success"
14.65,7.72,209,0,72.28,1.64,"Gamma","api","media","success"
5.69,9.65,234,0,58.5,5.53,"Delta","api","baja","success"
22.54,3.89,211,1,73.15,30.4,"Alpha","notifications","baja","success"
26.52,2.43,208,0,82.35,31.66,"Gamma","auth","alta","success"
18.67,8.32,215,1,81.03,106.19,"Beta","auth","media","success"
9.79,NA,220,2,65.44,59.11,"Gamma","api","media","failed"
8.11,5.73,207,1,46.6,71.74,"Gamma","auth","alta","success"
5.12,NA,222,2,72.86,1.02,"Delta","api","crítica","failed"
10.37,2.76,229,0,58.9,12.01,"Beta","ui","baja","success"
10.18,7.46,201,1,61.61,21.34,"Delta","payments","baja","success"
15.1,NA,200,1,80.32,NA,"Beta","notifications","alta","failed"
10.02,6.92,214,3,80.39,16.68,"Gamma","ui","baja","success"
4.7,9.81,211,0,78.12,25.38,"Beta","api","alta","success"
9.64,5.46,230,1,81.33,78.37,"Beta","api","media","success"
15.01,NA,240,3,82.01,5.49,"Gamma","auth","baja","failed"
11.38,NA,253,1,81.55,53.08,"Alpha","ui","alta","failed"
4.02,NA,206,1,78.43,10.27,"Alpha","api","baja","failed"
9.63,NA,232,2,67.28,34.11,"Delta","api","baja","failed"
15,3.82,205,3,93.56,58.69,"Beta","ui","media","success"
9.8,3.19,198,1,92.02,26.59,"Gamma","auth","media","rolled_back"
14.13,NA,199,0,53.46,NA,"Alpha","auth","baja","failed"
3.01,6.14,213,1,NA,23.62,"Beta","ui","baja","success"
18.28,10.58,220,0,46.91,21.02,"Gamma","ui","alta","success"
8.49,NA,225,0,56.71,0.57,"Delta","auth","alta","failed"
16.44,4.26,201,2,57.05,26.48,"Beta","auth","baja","success"
12.3,8.28,218,2,83.38,18.48,"Gamma","auth","media","success"
5.71,4.34,174,0,83.21,3.31,"Delta","payments","alta","success"
4.33,5.61,216,3,52.09,44.79,"Beta","payments","media","success"
6.12,3.68,228,2,69.29,76.01,"Gamma","auth","alta","success"
7.56,8.72,220,1,76.78,2.29,"Delta","payments","alta","success"
14.45,6.36,205,1,94.66,21.77,"Beta","api","baja","success"
20.1,4.79,232,1,51.73,21.6,"Beta","ui","media","success"
11.38,10.35,237,2,86.22,3.64,"Alpha","api","baja","success"
21.91,3.8,227,1,94.51,77.87,"Gamma","notifications","baja","success"
6.83,2.75,227,1,70.71,37.4,"Alpha","api","media","success"
21.13,4.59,247,2,82.18,82.19,"Beta","api","media","success"
15.66,4.81,196,1,81.64,68.18,"Alpha","database","crítica","success"
10.47,10.04,219,0,80.97,15.96,"Beta","ui","alta","success"
5.53,4.3,224,0,45.06,3.51,"Gamma","ui","baja","success"
8.34,6.93,225,1,68.63,59.81,"Gamma","ui","crítica","success"
9.41,8.23,246,2,83.34,0.65,"Delta","api","baja","success"
7.91,3.34,229,2,61.24,30.76,"Beta","api","baja","success"
11.14,2.46,242,2,59.25,1.4,"Alpha","auth","baja","success"
24.1,8.46,221,0,83.48,28.69,"Alpha","ui","media","success"
10.01,NA,208,0,79.81,35.35,"Beta","api","baja","failed"
9.56,7.2,222,NA,79.69,20.95,"Alpha","auth","alta","rolled_back"
12.02,3.62,232,2,83.86,9.74,"Delta","auth","baja","success"
9.05,2.94,217,0,81.02,30.32,"Delta","api","media","success"
12.44,1.8,231,0,71.73,3.14,"Beta","api","media","success"
7.24,7.35,229,1,89.44,3.81,"Alpha","api","media","success"
11.57,5.62,214,1,83.65,34.05,"Beta","payments","alta","success"
19.02,2.84,207,1,94.79,6.95,"Delta","api","baja","success"
5.98,NA,238,2,84.1,5.13,"Alpha","auth","baja","failed"
25.05,3.79,251,1,71.49,24.4,"Beta","auth","media","success"
6.69,NA,216,1,76.44,82.01,"Alpha","api","media","failed"
12.44,NA,231,1,78.23,32.1,"Alpha","database","media","failed"
9.71,8.08,202,2,62.04,15.99,"Alpha","api","alta","success"
9.48,7.01,224,1,92.69,54.06,"Beta","api","baja","success"
18.54,7.26,230,1,84.09,34.92,"Alpha","auth","alta","success"
16.84,2.34,195,0,60.38,1.13,"Beta","api","baja","success"
16.99,8.41,211,1,89.93,9.11,"Beta","ui","alta","success"
18.11,2.44,224,0,66.19,64.95,"Beta","ui","media","success"
5.86,3.41,224,1,76.65,3.1,"Delta","payments","baja","success"
12.01,0.97,210,1,75.63,4.52,"Beta","payments","media","rolled_back"
22.09,1.71,211,1,78.5,73.98,"Gamma","auth","baja","success"
13.03,14.07,227,1,78.26,17.86,"Alpha","ui","media","success"
6.88,5.37,245,0,71.03,14.9,"Delta","api","baja","success"
9.98,11.77,228,0,84.92,12.58,"Delta","notifications","media","success"
7.21,5.52,241,0,83.33,125.46,"Beta","ui","media","success"
8.52,4.89,219,1,83.9,20.4,"Alpha","api","media","success"
13.5,5.56,224,0,50.57,17.76,"Gamma","payments","alta","success"
4.06,9.97,221,1,90.17,1.15,"Delta","ui","baja","success"
13.86,2.73,232,0,75.01,1.31,"Alpha","api","crítica","success"
8.86,1.29,231,1,64.36,51.43,"Alpha","api","baja","success"
17.76,6.14,226,2,82.84,41.88,"Gamma","ui","media","success"
11.92,6.17,230,1,68.31,10.69,"Delta","notifications","crítica","success"
13.51,5.47,223,1,84.83,13.89,"Gamma","ui","baja","success"
8.81,3.78,216,1,94.35,1.38,"Alpha","ui","media","success"
10.09,2.44,241,0,89.67,30.61,"Delta","auth","alta","success"
9.03,3.55,236,0,75.98,8.11,"Beta","api","baja","success"
13.83,4.45,215,3,90.35,6.19,"Gamma","notifications","alta","success"
8.87,3.11,228,2,84.99,18.79,"Alpha","auth","baja","success"
13.98,4.08,218,1,75.96,44.23,"Alpha","api","media","success"
9.34,5.5,238,2,86.78,82.21,"Beta","api","baja","success"
4.12,11.84,218,1,49.03,50.57,"Gamma","notifications","baja","success"
4.96,10.6,201,1,83.4,5.85,"Gamma","ui","alta","success"
8.18,3.12,219,1,78.25,3.97,"Delta","database","baja","success"
8.56,4.08,225,1,54.62,24.63,"Gamma","api","crítica","success"
13.6,3.06,215,1,81.16,33.79,"Alpha","api","baja","success"
11.59,9.13,234,1,80.7,27.91,"Beta","database","media","success"
14.93,1.36,216,4,79.24,70.9,"Beta","ui","media","success"
17.41,6.17,228,0,55.14,8.09,"Gamma","api","alta","success"
27.4,5.98,228,4,92.61,74.23,"Alpha","payments","media","success"
6.89,NA,250,1,92.12,NA,"Alpha","ui","baja","failed"
12.32,10.45,174,2,76.12,14.04,"Gamma","api","media","success"
12.38,6.95,185,1,80.29,38.15,"Gamma","ui","media","success"
10.51,7.27,216,3,84.1,37.85,"Beta","notifications","alta","success"
20.92,6.89,241,3,71.41,2.26,"Alpha","payments","media","success"
10.28,NA,240,0,86.62,2.62,"Alpha","api","baja","failed"
9.67,NA,220,4,81.09,NA,"Alpha","auth","baja","failed"
5.9,9.1,217,0,89.7,32.96,"Alpha","auth","baja","success"
4.28,6.52,218,2,62.41,11.47,"Delta","api","baja","success"
6.13,3.94,227,2,88.45,15.03,"Alpha","auth","media","success"
11.21,3.47,185,2,86.34,9.26,"Delta","api","alta","success"
7.8,7.93,220,0,68.61,1.66,"Gamma","api","baja","success"
14.78,3.9,203,1,83.21,36.46,"Alpha","ui","baja","success"
4.92,8,215,1,95.16,2.87,"Beta","auth","alta","success"
17.29,NA,210,0,78.97,142.12,"Alpha","payments","baja","failed"
13.11,NA,245,4,66.93,18.37,"Alpha","notifications","baja","failed"
13.69,7.46,220,0,84.31,41.67,"Alpha","ui","media","success"
12.38,4.92,246,1,94.72,19.93,"Beta","auth","crítica","success"
18.97,5.47,214,0,92.63,103.81,"Alpha","auth","baja","success"
14.73,7.7,234,1,69.06,28.72,"Gamma","database","baja","success"
9.3,NA,211,1,81,6.51,"Gamma","api","media","failed"
11.99,4.9,216,1,95.17,70.68,"Gamma","ui","alta","success"
10.04,NA,238,0,57.31,NA,"Beta","ui","baja","failed"
20.04,6.6,235,3,85.14,5.46,"Alpha","payments","baja","success"
6.85,6.64,223,2,92.44,41.88,"Delta","api","baja","success"
8.1,7.63,227,1,75.17,30.18,"Beta","auth","alta","success"
11.38,11.69,227,2,90.22,6.7,"Beta","api","alta","success"
10.12,5.24,200,0,80.3,31.48,"Alpha","ui","media","success"
8.06,7.04,240,1,68.98,97.32,"Delta","ui","baja","success"
7.88,5.88,225,0,61.92,23.17,"Gamma","api","alta","success"
6.91,14.39,224,0,83.83,4.13,"Delta","notifications","baja","success"
7.81,3.65,224,4,79.09,41.16,"Beta","database","baja","success"
15.7,2.73,211,1,96.92,68.86,"Gamma","notifications","alta","success"
13.58,7.25,219,0,77.29,0.9,"Delta","auth","baja","success"
7.98,10.75,232,2,76.61,14.77,"Gamma","auth","baja","success"
18.64,1.98,240,0,44.64,83.47,"Gamma","payments","baja","success"
15.69,NA,208,3,85.53,25.3,"Alpha","auth","media","failed"
16.61,2.59,225,2,NA,111.21,"Alpha","ui","alta","success"
9.14,NA,195,3,70,43.18,"Delta","ui","crítica","failed"
9.13,4.66,224,1,90.76,5.05,"Alpha","notifications","media","success"
6.81,1.31,241,2,89.31,1.87,"Beta","api","alta","success"
20.05,5.17,227,0,72.51,19.02,"Delta","api","baja","success"
9.13,3.64,237,2,68.49,20.86,"Alpha","api","alta","success"
10.26,3.09,221,0,80.76,21.57,"Alpha","notifications","baja","success"
16.66,11.56,210,0,56.83,90.85,"Gamma","auth","crítica","success"
7.32,19.64,232,1,81.63,39.93,"Gamma","database","baja","success"
6.28,13.86,221,1,75.7,4.52,"Beta","api","media","success"
14.28,5.97,198,0,72.87,8.63,"Delta","auth","baja","success"
5.75,6.66,258,2,69.79,16.25,"Delta","ui","media","success"
9.36,8.83,208,3,80.21,10.08,"Beta","ui","baja","success"
7.14,11.29,229,4,75.63,6.69,"Delta","auth","crítica","success"
5.38,4.01,227,2,84.18,38.93,"Alpha","auth","baja","success"
14.17,13.92,221,0,71.87,87.66,"Alpha","auth","crítica","success"
9.46,7.27,240,1,79.63,4.07,"Gamma","database","baja","success"
2.55,11.13,247,2,79.75,10.19,"Beta","database","baja","success"
13.77,2.34,238,2,75.91,12.12,"Gamma","api","media","success"
15.85,2.13,206,1,78.04,16.83,"Gamma","api","media","success"
20.27,4.69,233,0,74.55,15.26,"Beta","auth","baja","success"
18.43,4.31,225,1,88.45,1.36,"Beta","auth","media","success"
30.22,12.59,201,0,81.13,55.46,"Gamma","ui","baja","success"
11.3,3.39,219,3,92.02,64.87,"Alpha","notifications","media","success"
12.88,11.75,221,4,77.36,7.95,"Gamma","ui","alta","success"
12.54,8.3,207,0,71.74,12.47,"Delta","database","baja","success"
18.7,4.36,211,0,75.34,7.77,"Alpha","api","crítica","success"
11.98,4.4,237,1,58.19,31.28,"Gamma","ui","media","success"
8.48,3.72,216,0,73.15,25.92,"Gamma","ui","baja","success"
9.14,6.04,205,0,76.44,5.7,"Beta","ui","media","success"
8.91,5.84,218,1,87.2,26.93,"Alpha","database","media","success"
11.9,5.06,219,2,76.66,39.13,"Gamma","notifications","baja","success"
13.78,5.42,217,1,92.95,4.04,"Alpha","database","alta","success"
12.85,3.25,183,3,72.36,63.18,"Alpha","api","alta","success"
11.52,NA,238,1,84.88,NA,"Alpha","auth","alta","failed"
17.64,2.58,216,1,NA,51.66,"Alpha","database","media","success"
4.74,3.84,223,3,59.59,147.51,"Delta","auth","alta","success"
8.78,13.45,213,1,89.7,3.64,"Beta","ui","media","success"
9.99,3.25,200,1,68.6,8.5,"Gamma","ui","alta","success"
12.73,NA,222,1,77.76,38.95,"Gamma","api","media","failed"
6.58,6.27,191,3,64.2,1.76,"Alpha","payments","media","success"
16.48,4.86,209,3,87.69,10.35,"Gamma","auth","baja","success"
10.9,3.23,222,1,78.92,35.65,"Beta","auth","baja","success"
9.14,5.11,243,2,71.98,3.22,"Gamma","api","baja","success"
14.72,NA,225,3,78.73,10.39,"Alpha","ui","baja","failed"
10.65,12.11,209,1,48.53,32.85,"Beta","ui","baja","success"
21.3,2.51,217,1,94.45,63.06,"Beta","api","baja","success"
12.72,6.18,208,0,69.62,85.25,"Gamma","auth","media","success"
6.58,2.55,218,0,86.58,19.92,"Alpha","database","baja","success"
10.22,5.23,218,NA,73.77,NA,"Gamma","api","alta","rolled_back"
8.49,5.59,202,1,73.65,26.1,"Gamma","auth","baja","success"
7.52,5.86,219,2,76.66,25.82,"Delta","payments","media","success"
10.28,5.61,221,5,64.9,1.82,"Alpha","auth","media","success"
3.85,6.9,238,1,98.56,52.84,"Delta","auth","media","success"
8.9,7.2,217,1,84.49,18.22,"Alpha","api","media","success"
20.4,5.35,223,2,49.43,9.38,"Alpha","api","baja","success"
6.24,7.27,217,0,82.56,17.45,"Gamma","api","baja","success"
10.05,7.55,231,1,95.41,2.99,"Delta","ui","media","success"
8.77,3.78,221,2,57.4,18.21,"Gamma","ui","alta","success"
10.9,13.94,248,2,84.26,9.01,"Delta","ui","baja","success"
6.16,5.49,226,0,95,28.26,"Delta","auth","media","success"
14.25,4.55,238,1,48.5,69.89,"Beta","payments","media","success"
8.52,3.85,237,4,84.77,54.56,"Gamma","api","baja","success"
27.29,NA,224,2,76.4,2.5,"Gamma","api","media","failed"
34.85,6.3,218,2,65.61,22.32,"Gamma","auth","media","success"
14.21,6.43,231,1,78.69,1.73,"Delta","auth","media","success"
9.63,5.38,208,1,70.63,38.34,"Beta","database","media","success"
7.61,1.74,209,0,80.06,6.38,"Beta","ui","media","rolled_back"
12.4,2.52,229,1,96.94,5.24,"Alpha","ui","media","success"
12.62,16.92,225,1,42.66,14.17,"Beta","ui","media","success"
12.07,16.15,205,3,65.53,6.2,"Alpha","api","media","success"
9.87,8.58,240,2,45.27,0.86,"Beta","database","media","success"
9.81,8.04,203,2,60.5,7.35,"Gamma","api","baja","success"
5.21,4.2,246,2,88.04,42.02,"Alpha","auth","baja","success"
9.97,NA,220,4,65.08,14.85,"Alpha","ui","baja","failed"
6.81,11.1,191,1,85.56,70.67,"Beta","auth","baja","success"
9.79,3.96,219,NA,67.2,8.21,"Alpha","database","baja","rolled_back"
10.6,1.76,227,1,81.05,10.01,"Beta","auth","baja","success"
9.93,8.54,218,1,52.52,21.06,"Alpha","auth","baja","success"
7.51,8,205,3,80.97,32.23,"Delta","ui","baja","success"
13.91,7.42,221,1,84.03,68.16,"Gamma","ui","alta","success"
9.17,5.67,215,1,89.99,4.44,"Delta","api","baja","success"
15.98,7.7,215,1,67.49,3.74,"Gamma","api","alta","success"
12.58,10.51,192,0,86.45,11.38,"Gamma","database","media","success"
6.45,4.43,249,1,50.18,10.94,"Alpha","api","baja","success"
17.33,5.71,241,1,52.77,38.99,"Gamma","notifications","media","success"
11.72,4.36,222,2,66.54,6.95,"Beta","api","baja","success"
7.54,4.02,202,0,74.17,2.82,"Beta","ui","media","success"
5.55,3.55,222,2,92.28,19.62,"Beta","ui","alta","success"
21.31,3.7,223,4,72.02,134.26,"Alpha","api","media","success"
15.82,7.1,200,1,52.43,24.03,"Delta","auth","media","success"
8.3,13.38,213,2,72.98,5.58,"Gamma","api","media","success"
6.28,7.13,212,0,55.56,13.56,"Beta","auth","crítica","success"
14.6,6.05,190,2,81.15,11.5,"Alpha","api","baja","success"
7.73,1.99,220,2,89.36,10.94,"Beta","api","media","success"
11.09,11.71,195,0,66.87,48.9,"Alpha","payments","baja","success"
11.36,1.72,223,1,53.85,8.2,"Alpha","payments","baja","success"
11.86,3.57,222,3,59.07,11.56,"Beta","database","media","success"
6.29,2.27,237,2,93.08,34.69,"Beta","payments","media","success"
7.62,4.94,209,0,98.05,31.4,"Alpha","auth","baja","success"
9.56,2.84,228,1,72.23,6.47,"Alpha","api","media","success"
20.59,9.44,227,1,79.11,19.7,"Gamma","api","baja","success"
7.6,2,221,0,92.6,3.01,"Gamma","api","media","success"
14.46,8.35,215,0,71.83,44.62,"Delta","auth","media","success"
13.06,NA,214,1,82.36,36.88,"Beta","ui","alta","failed"
21.94,5.51,228,0,86.06,37.46,"Alpha","ui","crítica","success"
10.38,3.64,206,2,55.02,5.37,"Gamma","api","alta","success"
6.15,4.26,221,2,76.27,48.37,"Alpha","api","baja","success"
9.28,NA,200,5,77.37,104.42,"Beta","payments","alta","failed"
16.6,6.2,229,1,82.4,0.95,"Beta","ui","baja","success"
6.5,3,236,0,56.21,12.65,"Beta","database","media","success"
13.9,2.08,239,0,94.67,13.12,"Alpha","ui","media","success"
20.39,2.79,204,2,86.93,0.83,"Delta","database","baja","success"
19.13,4.22,209,1,74.19,2.76,"Gamma","auth","baja","success"
9.72,14.1,222,3,88.29,2.92,"Alpha","auth","alta","success"
7.18,4.19,220,1,87.37,11.62,"Beta","api","alta","success"
4.62,8.2,218,1,83.27,2.67,"Beta","database","alta","success"
5.35,3.05,191,1,90.46,4.13,"Beta","api","baja","success"
19.32,5.09,229,2,90.8,10.51,"Alpha","auth","media","success"
9.46,6.39,208,0,65.99,5.26,"Gamma","auth","baja","success"
8.39,1.9,249,0,70.77,38.07,"Delta","auth","media","success"
16.48,5.98,184,1,81.49,38.62,"Gamma","api","baja","success"
12.29,6.79,231,1,75.42,10.59,"Alpha","notifications","media","success"
15.27,5.61,230,0,64.69,15.93,"Alpha","auth","baja","success"
8.26,5.51,210,2,78.39,6.8,"Beta","api","media","success"
12.87,NA,213,2,74.2,NA,"Delta","api","alta","failed"
11.74,3.3,244,0,83.7,42.45,"Delta","ui","media","success"
9.9,6.08,231,0,84.32,37.17,"Beta","ui","crítica","success"
7.01,3.91,232,5,78.21,31.88,"Gamma","ui","baja","success"
4.61,5,212,1,69.71,10.68,"Gamma","api","alta","success"
8.38,3.52,228,3,95.41,NA,"Gamma","payments","baja","rolled_back"
9.54,7.55,200,1,51.52,5.39,"Delta","auth","baja","success"
16.67,3.69,230,0,60.84,2.79,"Alpha","auth","media","success"
15.08,7.11,220,1,88.53,3.98,"Gamma","database","baja","success"
8.5,3.64,235,3,84.69,7.59,"Alpha","api","media","success"
10.76,11.58,230,2,87.24,8.05,"Gamma","database","media","success"
12.33,2.83,213,0,90.08,12.44,"Beta","ui","baja","success"
10.32,13.07,239,1,62.33,59.04,"Beta","api","baja","success"
10.29,8.09,230,2,81.8,23.98,"Delta","notifications","media","success"
8.8,4.84,242,5,77.86,42.23,"Beta","ui","crítica","success"
10.9,10.25,230,2,64.54,50.69,"Alpha","notifications","media","success"
4.09,5.27,219,3,50.76,5.57,"Beta","auth","media","success"
6.05,1.28,208,2,91.7,2.56,"Gamma","api","media","success"
7.12,4.9,243,2,76.41,37.08,"Delta","auth","media","success"
25.75,2.9,253,1,96.74,1.99,"Beta","ui","media","success"
10.25,4.86,209,1,72.88,19.2,"Gamma","notifications","media","success"
5.22,4.41,244,0,85.37,47.57,"Beta","payments","baja","success"
6.86,5.5,224,0,68.12,41.32,"Alpha","auth","baja","success"
14.54,2.57,229,3,95.42,15.91,"Alpha","auth","media","success"
5.06,12.65,229,1,70.75,26.45,"Delta","ui","alta","success"
5.14,3.56,219,4,66.12,13.49,"Gamma","database","media","success"
8.35,5.61,236,2,80.54,16.14,"Gamma","payments","baja","success"
8.58,15.26,213,0,77.52,19.86,"Delta","ui","media","success"
10.17,6.84,223,1,76.7,2.89,"Gamma","database","baja","success"
6.3,1.78,225,1,91.57,29.21,"Gamma","payments","baja","success"
15.9,2.94,234,4,74.53,55.12,"Beta","ui","media","success"
20.07,17.31,209,0,77.35,25.48,"Gamma","auth","baja","success"
5.49,3.22,215,2,83.83,80.04,"Alpha","auth","alta","success"
13.36,3.11,216,1,76.47,10.13,"Delta","database","media","success"
11.91,14.27,206,2,83.19,2.58,"Gamma","ui","media","success"
7.76,7.76,236,1,76.94,35.92,"Alpha","api","baja","success"
9.12,10.26,214,1,76,16.98,"Beta","ui","media","success"
9.29,NA,233,2,81.96,25.22,"Alpha","api","media","failed"
5.43,2.37,214,1,90.14,40.35,"Gamma","api","baja","success"
10.43,8.26,220,0,90.46,13.04,"Delta","api","baja","rolled_back"
7.02,4.38,239,0,67.23,83.86,"Beta","database","media","success"
4.13,5.09,242,2,78.71,55.34,"Beta","api","baja","success"
9.39,8.37,209,1,92.16,24.7,"Gamma","auth","media","success"
11.01,4.1,221,1,86.43,20.2,"Gamma","notifications","media","success"
8.79,1.74,225,1,85.9,8.42,"Gamma","ui","media","success"
14.66,7.08,223,1,90.83,12.38,"Delta","auth","media","success"
17.59,9.89,228,1,79.26,1.43,"Gamma","ui","media","success"
11.34,4.56,230,1,77.09,1.68,"Delta","ui","alta","success"
13.57,6.26,212,2,62.1,11.94,"Beta","api","media","success"
8.73,12.04,254,3,72.29,31.07,"Beta","api","crítica","success"
11.22,NA,234,1,50.74,21.48,"Alpha","payments","media","failed"
29.75,9.03,214,0,64.8,11.19,"Gamma","auth","baja","success"
11.57,2.95,216,0,86.7,14.68,"Delta","api","baja","success"
18.91,3.03,219,3,91.23,5.63,"Alpha","auth","media","success"
4.95,15.6,208,0,NA,10.61,"Alpha","notifications","baja","success"
5.82,3.46,237,2,73.76,2.2,"Gamma","database","alta","success"
11.81,7.56,224,1,68.42,15.6,"Beta","auth","baja","success"
4.88,NA,223,1,74.08,16.49,"Delta","api","baja","failed"
15.44,2.04,212,0,77.04,21.8,"Delta","api","alta","success"
6.87,7.56,209,0,65.23,29.74,"Alpha","ui","media","success"
17.47,4.97,213,2,57.65,12.63,"Gamma","ui","alta","success"
10.24,7.75,239,1,71.91,64.81,"Alpha","notifications","media","success"
7.67,NA,196,2,75.83,20.72,"Alpha","api","media","failed"
7.64,8.93,212,1,84.94,2.27,"Alpha","payments","baja","success"
8.55,9.34,216,0,58.95,20.86,"Gamma","ui","baja","success"
6.52,2.44,205,4,68.31,32.07,"Gamma","api","baja","success"
12.8,2.4,178,0,74.46,77.73,"Alpha","notifications","crítica","success"
4.46,4.08,212,1,NA,94.25,"Alpha","auth","media","success"
8.45,NA,227,0,63.91,16.58,"Delta","api","crítica","failed"
8.29,6.13,236,2,75.04,29.14,"Beta","database","crítica","success"
8.79,3.93,213,2,91.96,10.51,"Alpha","ui","baja","success"
13.3,5.86,198,2,NA,42.41,"Gamma","notifications","alta","success"
4.87,4.02,217,0,73.55,45.89,"Gamma","payments","alta","success"
11.63,9.46,234,1,83.21,7.69,"Delta","ui","media","success"
5.86,6.29,204,4,62.43,1.63,"Alpha","ui","alta","success"
5.97,3.17,241,1,86.6,21.3,"Gamma","auth","media","success"
6.68,7.9,216,1,90.76,52.82,"Delta","api","baja","success"
21.69,6.56,220,1,92.74,6.64,"Alpha","auth","media","success"
6.99,4.37,198,3,61.71,5.02,"Delta","payments","alta","success"
12.3,5.95,199,4,85.09,5.21,"Delta","auth","baja","success"
13.13,NA,223,1,87.88,1.89,"Beta","api","crítica","failed"
3.81,NA,243,3,76.97,NA,"Beta","auth","baja","failed"
22.97,11.48,206,0,60.69,23.69,"Delta","api","baja","success"
7.03,5.2,215,2,91.69,46.02,"Alpha","api","alta","success"
20.59,4.31,223,1,91.99,57.87,"Beta","api","media","success"
7.28,NA,225,1,91.92,27.15,"Beta","api","media","failed"
11.83,3.75,222,0,57.67,18.08,"Alpha","ui","baja","success"
15.1,6.91,236,2,55.52,27.17,"Delta","notifications","media","success"
7.84,6.53,195,0,71.35,17.28,"Alpha","auth","baja","success"
6.29,7.67,231,2,64.99,6.95,"Beta","api","media","success"
11.9,13.05,214,1,76.23,12.77,"Beta","ui","alta","success"
3.24,4.97,227,1,55.7,3.49,"Beta","ui","media","success"
5.62,3.69,202,1,89.4,10.49,"Alpha","database","media","success"
9.73,5.79,242,1,69.69,5.49,"Gamma","ui","media","success"
16.26,8.45,226,3,96.69,10.26,"Gamma","ui","media","success"
7.95,7.16,246,1,78.78,12.62,"Beta","auth","baja","success"
4.86,10.9,207,0,81.63,10.59,"Alpha","ui","media","success"
19.32,3.53,217,0,81.19,21.56,"Gamma","auth","baja","success"
12.1,9.07,209,2,89.44,38.64,"Alpha","auth","alta","success"
9.79,4.52,191,1,73.36,13.18,"Gamma","api","baja","success"
7.88,2.86,229,0,76.18,24.28,"Gamma","payments","media","success"
19.88,8.97,215,0,74.2,14.14,"Alpha","ui","baja","success"
13.06,3.15,198,NA,94.77,7.4,"Gamma","auth","baja","rolled_back"
8.58,2.94,247,0,83.65,27.97,"Gamma","api","alta","rolled_back"
6.45,15.6,189,3,46.55,16.47,"Delta","database","baja","success"
25.23,14.72,223,4,86.37,23.87,"Beta","notifications","baja","success"
9.15,3.94,238,2,93.76,30.71,"Beta","database","media","success"
8.57,3.49,212,1,84.5,43.52,"Beta","database","baja","success"
12.28,1.7,209,2,50.11,14.07,"Beta","auth","baja","success"
10.95,4.51,220,1,66.08,1.7,"Delta","auth","baja","success"
16.55,3.12,220,0,94.76,4.33,"Alpha","notifications","baja","success"
10.08,4.22,217,2,46.64,52.91,"Alpha","auth","baja","success"
11.82,4.2,215,2,77.41,6,"Alpha","notifications","media","success"
6.84,3.11,225,1,85.14,5.08,"Alpha","api","alta","success"
11.3,2.47,242,NA,53.08,28.89,"Beta","api","alta","rolled_back"
6.77,1.82,220,3,81.27,5.43,"Gamma","notifications","baja","success"
25.45,3.43,217,NA,69.93,39.09,"Gamma","ui","media","rolled_back"
8.98,9.12,211,1,68.59,21.65,"Beta","ui","crítica","success"
7.14,4.11,226,0,92.03,31.93,"Beta","auth","baja","success"
5.43,10.99,230,2,77.7,9.98,"Delta","database","crítica","success"
9.39,NA,239,0,63.57,60.43,"Beta","ui","media","failed"
2.35,1.5,197,0,96.54,86.98,"Delta","auth","media","success"
9.41,2.42,221,2,42.61,13.51,"Gamma","api","crítica","success"
6.67,2.77,219,1,74.56,16.41,"Beta","payments","baja","success"
2.75,NA,229,0,33.47,39.39,"Alpha","auth","media","failed"
4.38,3.33,227,1,75.6,6.57,"Beta","api","baja","success"
10.43,3.47,221,1,80.53,70.96,"Gamma","notifications","baja","success"
17.73,5.03,219,0,79.69,27.89,"Delta","auth","media","success"
19.95,8.88,207,0,69.9,32.15,"Alpha","api","media","success"
19.83,6.17,203,2,67.86,70.01,"Alpha","auth","media","success"
10.58,6.94,192,0,64.33,43.05,"Gamma","notifications","baja","success"
8.01,14.14,200,1,62.63,39.53,"Delta","payments","alta","success"
8.22,6.89,216,4,81.36,102.89,"Gamma","ui","baja","success"
13.74,7.59,244,1,66.9,52.12,"Alpha","ui","crítica","success"
11.94,3.52,234,0,68.35,3.24,"Gamma","api","media","success"
14.45,11.28,211,0,84.87,21.86,"Gamma","ui","media","success"
13.21,3.34,226,2,73.73,14.51,"Alpha","database","baja","success"
9.28,2.73,251,0,84.1,10.27,"Beta","database","media","success"
10.8,NA,194,1,74.03,2.26,"Alpha","ui","media","failed"
13.79,NA,227,1,84.82,26.01,"Alpha","auth","alta","failed"
17.88,4.15,238,0,NA,70.55,"Alpha","auth","media","success"
17.63,NA,198,3,88.08,NA,"Gamma","notifications","alta","failed"
11.99,1.49,223,1,71.6,83.92,"Alpha","ui","media","success"
4.35,7.34,229,0,90.5,8.74,"Delta","auth","baja","success"
5.99,7.31,221,4,82.85,4.57,"Gamma","notifications","media","rolled_back"
10.34,5.27,223,1,63.16,2.74,"Beta","api","media","success"
6.22,4.72,195,1,84.86,11.07,"Delta","api","media","success"
12.74,2.68,202,4,83.76,10.95,"Gamma","payments","media","success"
9.61,14.14,219,1,81.59,40.15,"Beta","auth","media","success"
17.53,6.77,198,2,73.28,27.01,"Gamma","payments","media","success"
5.06,5.32,196,0,73.38,19.96,"Beta","ui","baja","success"
6.05,1.95,214,2,78.75,35.25,"Beta","payments","baja","success"
14.38,8.53,221,3,58.83,1.83,"Alpha","ui","media","success"
15.3,2.4,230,3,69.32,17.25,"Beta","api","media","success"
10.98,2.47,215,1,78.49,8.37,"Delta","api","baja","success"
11.09,5.39,252,NA,93.5,17.11,"Alpha","ui","alta","rolled_back"
9.68,8.47,212,2,72.46,8.59,"Delta","api","media","success"
17.46,5.02,220,0,52.43,15.63,"Gamma","auth","baja","success"
12.95,4.61,218,4,80.07,27.56,"Alpha","api","crítica","success"
11.3,6.91,214,1,67.29,24.73,"Delta","ui","alta","success"
9.65,5.62,220,0,61.09,53.18,"Gamma","auth","alta","success"
7.9,4.73,235,1,78.09,17.99,"Gamma","auth","media","success"
6.36,3.03,240,2,83.87,106.4,"Alpha","auth","baja","success"
14.77,9.37,219,2,91.38,31.5,"Gamma","api","alta","success"
9.8,6.86,224,1,52.87,1.73,"Alpha","notifications","baja","success"
12.31,7.85,207,1,80.95,25.93,"Beta","api","media","success"
6.73,8.5,220,3,93.79,42.52,"Alpha","api","media","success"
9.77,6.94,223,0,74.89,73.42,"Delta","auth","media","success"
10.35,2.03,226,0,78.31,0.89,"Alpha","ui","media","success"
12.2,6.66,210,2,75.67,9.06,"Alpha","api","media","success"
11.59,NA,195,0,89.52,NA,"Beta","api","media","failed"
4.91,8.75,224,2,57.57,30.21,"Gamma","auth","alta","success"
10.32,3.5,234,1,65.7,5.14,"Gamma","notifications","baja","success"
5.96,3.84,231,0,91.26,12.15,"Alpha","api","baja","success"
6.21,NA,244,2,75.96,NA,"Gamma","notifications","media","failed"
7.48,1.32,201,1,67.83,11.51,"Alpha","ui","crítica","success"
11.09,0.9,220,2,84.97,4.18,"Beta","notifications","media","success"
13.47,7.43,216,0,96.18,8.1,"Beta","auth","media","success"
9.04,11.31,222,0,67.86,36.19,"Gamma","api","baja","success"
5.35,3.16,203,0,84.93,11.48,"Gamma","payments","media","success"
8.86,10.84,212,1,98.2,18.52,"Alpha","ui","alta","success"
8.88,2.28,220,1,81.53,2.02,"Delta","database","media","success"
13.29,NA,204,2,83.99,NA,"Delta","auth","media","failed"
16.32,2.52,225,NA,75.38,0.95,"Gamma","api","baja","rolled_back"
8.19,4.81,197,1,79.24,36.97,"Delta","payments","alta","success"
3.67,3.74,236,2,89.03,49.29,"Beta","ui","media","success"
6.8,6.28,235,1,86.85,52.7,"Beta","database","baja","success"
11.45,7.17,235,2,79.32,0.73,"Delta","ui","alta","success"
5.79,4.41,211,2,92,52.96,"Delta","api","baja","success"
1.84,NA,222,0,83.01,5.3,"Beta","api","media","failed"
9.76,5.99,229,0,81.33,20.07,"Delta","api","crítica","success"
5.45,NA,219,4,81.82,33.45,"Beta","auth","baja","failed"
25.96,4.78,238,NA,61.53,37.74,"Beta","notifications","crítica","rolled_back"
5.36,5.82,205,0,88.65,4.15,"Delta","api","media","success"
8.34,NA,226,1,74.1,NA,"Gamma","api","baja","failed"
13.29,6.61,217,1,91.85,34.89,"Gamma","ui","baja","success"
25.3,4.36,224,NA,88.64,6.13,"Alpha","auth","baja","rolled_back"
15.89,4.59,220,2,90.53,52.79,"Gamma","database","media","success"
4.98,5.1,231,3,75.6,15.11,"Beta","api","media","success"
7.04,9.22,207,1,79.11,5.17,"Gamma","api","media","success"
12.76,1.16,214,1,88.46,49.16,"Gamma","api","media","success"
9.85,4,233,0,57.95,62.54,"Beta","ui","baja","success"
6.88,6.23,211,1,42.49,0.85,"Beta","auth","baja","success"
17.48,1.93,213,1,94.89,3.37,"Gamma","api","baja","success"
5.96,1.21,218,1,98.32,10.75,"Delta","auth","crítica","success"
9.49,3.2,220,2,68.3,3.82,"Delta","auth","media","success"
3.89,2.78,240,1,83.3,5.22,"Beta","auth","media","success"
11.76,4.53,211,2,81.76,19.33,"Gamma","api","baja","success"
9.85,6.11,203,1,71.68,7.76,"Beta","notifications","baja","success"
18.51,5.85,240,4,89.55,32.9,"Alpha","database","baja","success"
9.34,7.06,239,0,60.08,43.47,"Gamma","api","baja","success"
3.81,7.02,199,2,86.02,39.53,"Alpha","ui","baja","success"
13.81,1.93,203,2,73.24,31.34,"Alpha","auth","crítica","success"
13.32,3.9,211,0,82.99,29.7,"Delta","payments","media","success"
8.63,1.84,197,0,92.9,17.66,"Delta","api","baja","success"
15.39,5.09,229,1,85.36,60.76,"Alpha","ui","baja","success"
10.17,15.27,209,3,88.9,0.8,"Delta","api","media","success"
10.24,5.81,249,1,81.75,15.45,"Delta","auth","baja","success"
3.67,1.84,219,2,81.23,24.06,"Beta","auth","media","success"
13.79,3.63,237,2,77.6,1.34,"Gamma","ui","baja","success"
8.45,3.35,201,0,90.5,24.93,"Gamma","api","baja","success"
17.28,10.52,195,3,89.85,81.39,"Delta","notifications","alta","success"
8,5.21,236,0,46.09,71.46,"Delta","database","baja","success"
13.16,5.77,240,3,62.29,6.1,"Gamma","api","baja","success"
5.58,7.24,231,0,62.65,10.24,"Beta","ui","alta","success"
15.18,7.26,199,1,81.13,40.6,"Delta","api","media","success"
10.1,10.5,234,2,68.42,23.83,"Alpha","api","crítica","success"
6.04,8.4,225,0,68.27,5.2,"Delta","database","alta","success"
9.13,9.83,221,1,60.45,122.42,"Alpha","payments","baja","success"
11.51,NA,228,1,89.22,7.97,"Gamma","api","media","failed"
4.48,NA,242,2,83.26,NA,"Beta","api","baja","failed"
13.18,10.2,233,1,76.13,12.56,"Beta","api","baja","success"
7.23,4.13,210,0,86.75,41.27,"Gamma","api","media","success"
5.8,9.25,215,0,45.38,10.33,"Delta","database","media","success"
14.84,9.31,207,1,70.66,57.5,"Beta","api","baja","success"
10.6,4.65,219,3,69.08,86.35,"Beta","auth","baja","success"
11.24,6.24,205,0,55.02,53.47,"Gamma","api","baja","success"
9.45,6.84,238,1,97.18,6.5,"Alpha","database","media","success"
8.11,11.48,228,2,92.49,4.1,"Alpha","auth","media","success"
13.05,5.44,237,3,96.39,11.26,"Beta","auth","media","success"
12.63,6.05,253,1,59.68,11.73,"Beta","ui","baja","success"
11.38,2.57,236,2,64.79,27.95,"Gamma","api","alta","success"
13.43,4.31,221,1,89.36,49.63,"Delta","ui","baja","success"
11.77,NA,203,2,76.77,NA,"Alpha","auth","alta","failed"
9.36,6.28,228,2,79.58,11.67,"Beta","ui","alta","success"
6.35,4.27,209,0,83.69,31.11,"Delta","auth","baja","success"
4.99,5.43,234,1,60.78,68.1,"Beta","ui","baja","success"
18.76,2.73,222,2,80.73,13.71,"Delta","database","media","rolled_back"
24.73,2.72,238,0,88.91,15.11,"Gamma","database","media","success"
23.1,2.89,204,2,86.34,10.67,"Delta","api","baja","success"
7.08,5.46,200,2,87.93,11.75,"Gamma","payments","media","success"
18.17,6.61,219,0,78.57,28.91,"Alpha","ui","baja","success"
14.71,NA,220,0,90.1,NA,"Gamma","database","alta","failed"
5.87,2.05,200,1,69.63,42.84,"Beta","api","media","success"
7.25,7.63,207,0,92.31,17.26,"Alpha","database","baja","success"
13.76,2.64,209,3,66.16,64.28,"Beta","ui","baja","success"
9.64,NA,232,2,49.84,14.58,"Delta","api","crítica","failed"
4.61,NA,217,0,57.43,53.18,"Beta","notifications","baja","failed"
9.38,2.83,223,1,68.56,12.2,"Beta","api","alta","success"
15.76,4.67,232,2,45.59,13.43,"Alpha","api","crítica","success"
14.75,8.53,239,0,71.99,35.03,"Alpha","api","media","success"
11.54,NA,239,0,90.76,NA,"Delta","ui","media","failed"
9.2,NA,237,2,52.04,8.58,"Beta","ui","alta","failed"
9.06,14.88,211,2,83.39,12.74,"Alpha","ui","media","success"
5.63,8.47,195,0,39.23,9.7,"Alpha","api","alta","success"
17.44,11.97,220,1,90.56,19.81,"Beta","auth","alta","success"
11.51,1.53,216,1,75.83,2.52,"Gamma","auth","media","success"
8.31,NA,210,1,71.61,NA,"Beta","api","baja","failed"
11.54,NA,204,0,80.26,69.82,"Delta","ui","alta","failed"
10.97,3.65,209,0,57.79,9.83,"Gamma","ui","media","success"
4.84,6.9,231,1,46.64,7,"Alpha","auth","media","success"
2.89,7.39,227,4,73.46,18.7,"Alpha","api","alta","success"
23.89,6.88,202,1,91.78,50.49,"Alpha","auth","media","success"
6.98,15.87,219,2,68.89,19.92,"Delta","payments","alta","success"
12.35,13.56,223,0,67.97,6.98,"Beta","database","baja","success"
10.37,8.58,229,1,79.93,41.19,"Gamma","api","media","success"
14.27,8.32,207,1,95.17,3.85,"Delta","ui","baja","success"
13.96,NA,213,2,81.47,3.06,"Alpha","auth","alta","failed"
13.27,8.59,218,1,98.37,33.37,"Alpha","api","baja","success"
7.16,2.78,223,1,79.1,35.12,"Delta","api","media","success"
10.61,8.64,243,1,72.88,4.81,"Delta","api","media","success"
12.14,3.71,251,1,84.25,72.64,"Delta","api","media","success"
21.24,3.33,231,0,86.34,22.8,"Beta","ui","baja","success"
13.44,5.38,223,0,63.87,28.93,"Alpha","auth","alta","success"
9.79,6.38,225,1,55.98,1.25,"Delta","database","baja","success"
11.04,10.92,234,0,93.91,33.83,"Gamma","auth","baja","success"
10.99,3.43,200,1,69.3,1.65,"Alpha","payments","media","success"
9.49,5.95,238,2,60.45,12.52,"Beta","ui","media","success"
10.72,2.08,229,0,85.9,3.26,"Alpha","auth","baja","rolled_back"
5.12,2.95,223,1,87.43,86.38,"Beta","database","media","success"
9.58,4.81,242,2,76.41,1.16,"Delta","auth","baja","success"
14.3,NA,234,1,84.91,48.77,"Beta","api","alta","failed"
20.13,4.08,222,1,84.23,15.72,"Gamma","ui","baja","success"
25.82,3.9,221,3,62.23,19.25,"Delta","api","baja","success"
10.13,2.61,212,1,66.74,53.01,"Alpha","payments","baja","success"
7.76,3.83,214,2,92.99,24.61,"Gamma","api","alta","success"
11.75,4.45,234,1,79.34,59.42,"Gamma","database","media","success"
15.43,NA,199,1,50.23,11.39,"Delta","payments","baja","failed"
14.28,7.45,217,0,61.23,1.29,"Delta","database","alta","success"
10.21,2.93,213,2,76.79,102.28,"Gamma","auth","baja","success"
6.95,9.45,231,1,91.14,16.68,"Alpha","payments","alta","success"
8.85,6.23,203,2,78.15,NA,"Gamma","ui","baja","rolled_back"
21.39,16.77,216,1,83.92,45.53,"Delta","database","baja","success"
5,NA,201,1,71.84,NA,"Beta","database","alta","failed"
10.88,2.95,220,NA,76.28,NA,"Alpha","auth","media","rolled_back"
5.84,9.18,204,1,91.72,69.57,"Alpha","auth","media","success"
8.29,3.19,235,2,83.08,11.65,"Gamma","ui","alta","success"
7.32,3.17,205,2,76.68,26.42,"Alpha","api","media","rolled_back"
8.54,3.98,210,1,58.14,24.69,"Delta","api","baja","success"
5.88,13.46,230,0,73.12,12.96,"Beta","ui","baja","success"
10.15,3.94,207,0,73.32,2.18,"Alpha","database","alta","success"
8.55,6.22,229,1,87.5,5.87,"Beta","payments","baja","success"
15.71,14.56,217,1,79.86,33,"Alpha","notifications","baja","success"
9,NA,221,0,76.12,17.97,"Alpha","auth","baja","failed"
13.7,NA,218,2,75.77,NA,"Alpha","auth","alta","failed"
7.31,3.54,223,0,75,5.69,"Alpha","notifications","media","success"
15.59,10.54,237,1,85.92,2.78,"Alpha","ui","baja","success"
11.58,2.39,202,1,84.54,25.03,"Beta","ui","media","success"
25.75,NA,222,2,94.57,41.4,"Beta","api","media","failed"
9.76,8.73,210,1,92.39,44.4,"Gamma","auth","media","success"
4.94,3.19,223,0,82.83,40.06,"Alpha","api","baja","success"
11.2,8.61,252,0,63.72,2.03,"Alpha","payments","media","success"
14.17,4.12,232,1,68.28,38.63,"Beta","database","baja","success"
10.79,9.58,224,0,76.32,20.09,"Beta","auth","media","success"
7.82,2.94,209,1,84.48,27.08,"Beta","ui","media","success"
8.94,NA,222,1,95.41,1.43,"Gamma","api","media","failed"
13.99,4.79,219,1,83.01,18.42,"Gamma","api","baja","success"
12.6,3.07,210,1,73.68,14.61,"Gamma","ui","alta","success"
14.9,5.9,224,3,70.29,31.1,"Alpha","ui","alta","success"
5.75,5.59,193,2,96.87,10.23,"Alpha","api","media","success"
10.29,2.49,228,2,71.58,14.79,"Beta","auth","crítica","success"
16.01,5.83,203,NA,83.99,6.78,"Gamma","ui","alta","rolled_back"
14.24,13.41,222,1,77.56,12.65,"Delta","api","crítica","success"
14.16,4.02,217,1,90.71,2.06,"Delta","auth","alta","success"
4.91,NA,249,2,80.3,49.3,"Alpha","payments","media","failed"
5.86,3.54,202,2,68.11,3.9,"Alpha","payments","media","success"
19.8,6.43,209,3,72.75,NA,"Delta","api","media","rolled_back"
18.07,10.16,236,1,24.28,63.27,"Alpha","notifications","alta","success"
6.49,6.95,241,4,87.87,21.26,"Beta","auth","baja","success"
18.61,3.12,210,1,64.96,7.36,"Delta","api","baja","success"
7.36,2.85,204,2,86.86,19.45,"Delta","database","media","success"
5.83,3.04,184,2,88.58,33.42,"Alpha","ui","alta","rolled_back"
12,3.58,222,1,87.67,16.83,"Beta","auth","alta","success"
32.6,4.53,217,0,78.46,11.37,"Beta","auth","media","success"
8.92,6.33,232,2,58.35,13.47,"Gamma","ui","baja","success"
10.22,2.45,192,0,60.73,11.38,"Gamma","database","baja","success"
6.06,8.47,212,3,73.16,6.86,"Alpha","api","media","success"
8.08,6.4,216,0,93.18,6.94,"Beta","ui","media","success"
10.2,NA,241,1,76.76,10.9,"Alpha","api","crítica","failed"
7.26,3.12,212,2,81.76,23.89,"Gamma","auth","baja","success"
3.73,2.9,204,1,85.55,4.81,"Beta","ui","alta","success"
15.26,4.56,223,2,90.78,0.73,"Alpha","ui","alta","success"
9.64,NA,206,3,90.46,3.26,"Gamma","database","crítica","failed"
19.02,6.85,215,2,92.81,52.03,"Beta","auth","baja","success"
8.21,5.83,216,4,73.07,56.46,"Gamma","ui","alta","success"
10.05,3.28,215,1,88.47,62.44,"Alpha","ui","alta","success"
4.09,14.72,228,1,81.62,24.94,"Beta","api","baja","success"
18.86,1.47,215,0,89.99,1.71,"Beta","api","baja","rolled_back"
19.81,NA,224,1,75.18,28.31,"Gamma","ui","media","failed"
5.4,10.93,203,0,87.2,38.59,"Beta","payments","media","success"
9.39,NA,226,0,93.77,20.79,"Delta","api","baja","failed"
10.1,4.45,225,2,71.7,10.87,"Alpha","ui","baja","success"
7.92,2.74,219,1,66.12,1.36,"Alpha","api","baja","success"
7.28,7.65,211,0,43.17,44.16,"Beta","api","baja","success"
32.5,1.74,239,4,NA,62.5,"Gamma","api","baja","success"
6.26,4.34,224,0,60.61,98.69,"Delta","api","media","rolled_back"
7.67,4.77,222,2,80.49,23.07,"Alpha","ui","alta","rolled_back"
4.01,2.01,215,1,NA,3.27,"Gamma","ui","crítica","success"
13.46,NA,216,1,74.07,20.61,"Alpha","auth","crítica","failed"
9.91,11,198,2,68.33,19.51,"Gamma","database","alta","success"
10.57,5.4,228,0,78.42,57.84,"Beta","ui","baja","success"
12.87,5.12,212,1,82.8,51.22,"Delta","api","media","success"
16.37,3.51,253,1,84.34,11.66,"Delta","ui","media","success"
13.76,7.8,220,2,77.29,53.94,"Beta","auth","media","success"
3.41,10.43,217,0,59.64,0.89,"Alpha","api","alta","success"
13.3,7.58,241,0,78.7,94.39,"Delta","api","baja","success"
19.16,NA,213,4,93.55,12.95,"Beta","auth","baja","failed"
12.16,3.84,246,2,95.86,21.25,"Delta","database","baja","success"
5.78,7.22,214,2,50.52,25.29,"Delta","ui","crítica","success"
33.5,3.99,208,1,76.97,47.79,"Delta","api","baja","success"
12.16,4.13,254,2,77.01,4.24,"Beta","api","media","success"
14.37,5.86,225,1,84.02,27,"Delta","api","media","success"
7.16,2.57,246,0,83.42,1.78,"Gamma","api","media","success"
6.98,NA,217,1,75.36,9.11,"Beta","api","alta","failed"
5.35,9.64,234,2,82.62,10.46,"Delta","api","media","success"
8.9,8.86,224,0,75.94,39.22,"Gamma","api","alta","success"
12.65,7.75,207,0,47.85,1.72,"Gamma","api","baja","success"
11.35,1.97,232,2,66.93,12.07,"Gamma","auth","media","success"
4.84,14.37,229,0,91.01,55.49,"Alpha","api","baja","success"
13.63,NA,214,1,86,NA,"Delta","auth","media","failed"
16.93,2.84,242,2,87.24,6.65,"Beta","ui","alta","success"
29.81,2.56,223,1,50.39,29.02,"Alpha","ui","alta","success"
12.22,2.8,235,2,73.89,21.1,"Delta","api","alta","success"
10.59,6.46,212,1,75.16,16.85,"Beta","ui","media","success"
6.38,10.76,220,0,71.36,2.6,"Beta","api","baja","success"
10.96,NA,211,1,77.48,4.63,"Gamma","api","baja","failed"
5.61,6.5,232,1,72.18,178.15,"Beta","notifications","media","success"
6.52,2.83,212,1,76.16,13.35,"Alpha","ui","crítica","success"
3.56,5.58,235,1,79.16,32.85,"Alpha","ui","media","success"
12.25,NA,223,1,87.44,NA,"Beta","auth","baja","failed"
10.68,6.49,222,1,53.82,0.69,"Gamma","notifications","media","success"
16.86,3.46,249,1,78.27,4.74,"Gamma","payments","baja","success"
10.97,NA,218,1,83.75,6.52,"Gamma","api","baja","failed"
15.59,NA,192,1,71.78,20.08,"Gamma","ui","alta","failed"
13.23,12.04,198,2,94.13,149.45,"Alpha","auth","baja","success"
6.73,6.87,208,3,93.47,10.76,"Alpha","api","baja","success"
12.48,7.2,229,NA,46.47,21.92,"Delta","ui","media","rolled_back"
11.15,2.92,229,0,70.99,10.97,"Alpha","api","baja","success"
16.84,12.32,211,0,77.23,1.53,"Beta","ui","media","success"
13.5,3,212,1,66.44,145.48,"Beta","auth","media","success"
17.32,NA,196,1,74.36,18.07,"Beta","auth","baja","failed"
19.93,2.71,213,1,97.21,27.31,"Alpha","payments","baja","success"
15.34,6.06,234,1,57.5,31.13,"Delta","notifications","media","success"
17.34,1.81,227,1,81.34,7.71,"Beta","payments","media","success"
15.76,2.36,204,1,83.03,1.44,"Delta","api","crítica","success"
18.05,3.03,195,5,95.57,1.71,"Delta","ui","media","success"
16.5,6.73,219,2,78.93,25.86,"Gamma","auth","alta","success"
16.55,4.74,223,1,65.46,7.63,"Alpha","api","media","success"
6.95,17.73,233,2,63.04,60.54,"Beta","api","media","success"
21.84,12.68,225,1,70.72,39.11,"Gamma","ui","baja","success"
12.17,4.18,248,1,72.37,36.77,"Alpha","ui","alta","success"
15.95,4.62,240,1,60.27,2.82,"Beta","ui","baja","success"
9.03,NA,207,0,70.46,9.26,"Delta","api","baja","failed"
12.44,8.93,223,0,79.92,7.79,"Alpha","ui","media","success"
19.76,2.62,230,1,77.51,41.48,"Alpha","ui","baja","success"
12.04,5.44,225,0,75.05,12.08,"Alpha","api","baja","success"
10.06,5.14,242,0,79.88,10.01,"Beta","notifications","baja","success"
7.12,4.76,255,NA,69.39,18.06,"Beta","api","baja","rolled_back"
5.49,3.39,229,2,61.18,13.22,"Alpha","database","media","success"
13.97,4.6,222,0,66.76,60.52,"Alpha","ui","alta","success"
13.11,7.17,225,4,85.88,28.88,"Delta","api","alta","success"
6.52,2.83,211,1,96.2,32.07,"Gamma","api","media","success"
5.63,8.12,223,3,52.41,2.11,"Beta","notifications","media","success"
15.48,10.82,212,1,73.63,1.6,"Gamma","ui","media","success"
15.19,3.92,247,0,87.05,88.26,"Delta","api","baja","success"
8.42,3.93,204,3,83.87,6.52,"Alpha","notifications","media","success"
14.38,2.06,214,1,78.38,48.25,"Beta","ui","media","success"
6.14,9.99,208,0,71.01,56.95,"Alpha","ui","baja","success"
12.11,10.06,253,1,80.66,24.32,"Gamma","database","baja","success"
14.62,15.75,242,4,83.82,28.06,"Beta","database","alta","success"
4.37,7.77,219,1,77.78,13.26,"Delta","api","baja","success"
10.84,8.12,225,0,82.83,23.01,"Beta","api","media","success"
13.88,4.26,202,1,92.8,12.56,"Gamma","api","baja","success"
6.82,3.33,226,NA,88.56,NA,"Beta","database","crítica","rolled_back"
18.2,5.07,226,2,47.87,7.24,"Alpha","ui","media","success"
15.7,NA,234,3,88.43,12.55,"Beta","auth","baja","failed"
15.7,3.49,213,3,79.91,3.18,"Beta","ui","media","success"
12.02,3.38,226,1,86.11,28.82,"Gamma","auth","baja","success"
7.05,3.81,210,3,74.39,4.89,"Delta","auth","alta","success"
12.88,1.5,219,0,92.45,1.83,"Gamma","auth","baja","success"
14.48,9.86,231,1,70.32,3.25,"Alpha","notifications","media","success"
11.07,3.67,204,0,38.12,48.05,"Gamma","notifications","alta","success"
6.77,5.29,215,2,69.13,5.32,"Beta","payments","media","success"
18.03,NA,232,1,82.44,28.84,"Gamma","api","baja","failed"
9.54,7.97,227,3,64.6,3.27,"Alpha","api","alta","success"
10.43,8.02,230,2,82.81,7.7,"Beta","ui","media","success"
17.63,NA,225,3,87.92,NA,"Beta","ui","baja","failed"
12.06,4.24,208,2,79.44,27.15,"Alpha","ui","baja","success"
18.74,NA,206,0,96.09,16.15,"Beta","database","alta","failed"
6.4,10.26,198,2,98.05,18.62,"Beta","ui","baja","success"
5.13,9.14,219,1,81.41,13.44,"Beta","payments","baja","success"
10.97,6.82,230,2,65.49,96.93,"Alpha","payments","media","success"
6.07,4.08,213,1,78.78,1.69,"Beta","api","media","success"
18.16,4.62,216,2,73.61,36.08,"Delta","auth","alta","success"
12.04,NA,229,3,78.95,30.4,"Beta","api","alta","failed"
16.96,3.99,254,2,45.14,73.04,"Alpha","ui","baja","success"
9.94,NA,235,0,53.65,8.22,"Gamma","payments","baja","failed"
10.66,5.09,219,3,88.97,14.47,"Beta","payments","alta","success"
23.53,8.47,242,1,78.65,57.3,"Beta","ui","alta","success"
6.82,4.94,219,0,88.3,7.37,"Delta","api","baja","success"
23.02,9.88,216,0,85.01,21.17,"Beta","ui","media","success"
8.13,6.98,242,NA,78.78,NA,"Gamma","ui","media","rolled_back"
9.24,6.36,233,4,76.09,3.13,"Beta","ui","media","success"
15.39,7.71,250,0,88.84,21.5,"Alpha","payments","baja","success"
23.46,2.03,204,3,87.21,16.22,"Beta","api","media","success"
14.13,2.9,227,1,93.44,2.54,"Gamma","auth","baja","success"
8.11,3.5,191,0,75.95,19.12,"Alpha","database","media","success"
15.33,12.44,249,1,68.33,34.63,"Alpha","api","media","success"
4.14,3.57,221,0,96.99,11.71,"Alpha","api","baja","success"
7.83,3.96,258,3,92.23,10.01,"Beta","api","media","success"
6.38,7.22,221,2,85.54,25.5,"Gamma","api","baja","success"
17,NA,217,2,79.15,13.67,"Alpha","notifications","media","failed"
11.34,5.7,221,1,91.42,14.22,"Gamma","notifications","baja","success"
5.62,8.38,225,1,50.97,33.24,"Gamma","auth","media","success"
17.13,3.92,202,3,74.87,22.59,"Gamma","notifications","baja","success"
5.37,2.33,191,2,86.57,9.41,"Beta","api","media","success"
12.9,NA,220,0,59.62,32.22,"Gamma","ui","baja","failed"
13.25,3.89,223,1,70.92,133.66,"Alpha","ui","alta","success"
10.63,6.79,195,2,76.74,8.45,"Beta","ui","baja","success"
5.8,4.1,199,2,68.02,5.04,"Gamma","ui","baja","success"
6.89,4.49,212,1,76.72,1.39,"Delta","auth","media","success"
7.68,2.67,213,1,58.53,29.19,"Delta","ui","crítica","success"
4.93,3.19,226,3,72.33,6.06,"Beta","ui","alta","success"
7.93,5.51,214,1,68.55,15.52,"Alpha","auth","media","success"
9.91,2.77,243,0,71.27,2.76,"Gamma","api","media","success"
11.51,2.34,196,0,77.24,13.81,"Beta","api","baja","success"
14.45,2.64,211,1,65.29,39.34,"Gamma","auth","baja","success"
13.04,9.96,230,0,81.25,29.15,"Alpha","ui","baja","success"
11.08,9.79,218,1,77.89,14.26,"Delta","ui","media","success"
24.68,3.48,214,1,80.09,10.97,"Alpha","auth","media","success"
22.19,3.88,204,1,88.09,4.15,"Alpha","database","media","success"
13.94,9.08,219,1,45.4,97.78,"Alpha","ui","baja","success"
12.45,NA,207,1,88.1,90.73,"Alpha","auth","media","failed"
11.16,5.54,212,5,61.57,8.32,"Delta","ui","baja","success"
10.61,9.9,220,0,88.71,2.89,"Beta","ui","alta","success"
3.55,NA,239,1,65.36,NA,"Gamma","database","alta","failed"
7.98,15.93,212,1,89.29,8.12,"Beta","api","media","success"
11.7,3.39,209,0,89.34,79.84,"Delta","auth","baja","success"
18.69,6.87,223,1,79.67,20.71,"Delta","api","crítica","success"
9.61,14.29,226,2,57.95,29.99,"Gamma","ui","media","success"
12.21,8.06,216,3,91.48,7.36,"Alpha","auth","baja","success"
8.08,1.6,224,0,71.76,20.11,"Beta","ui","baja","success"
18.21,5.7,221,0,89.98,73.31,"Gamma","api","baja","success"
14.24,7.2,235,1,93,5.64,"Alpha","api","baja","rolled_back"
14.38,NA,223,3,73.69,NA,"Gamma","api","baja","failed"
11.69,9.61,223,0,85.48,22.87,"Beta","ui","baja","success"
12.1,2.83,238,1,72,38.95,"Alpha","api","baja","success"
12.75,6.12,213,2,65.34,14.87,"Beta","ui","media","success"
9.47,9.15,237,1,82.73,7.65,"Delta","auth","media","success"
6.54,4.88,212,2,85.44,32.2,"Beta","ui","media","success"
12.9,3.96,216,1,88.09,7.71,"Gamma","auth","crítica","success"
8.54,6.45,211,2,64.37,5.66,"Gamma","ui","baja","success"
12.35,5.94,223,3,55.05,9.91,"Alpha","api","alta","success"
12.08,NA,223,0,79.09,35.6,"Alpha","auth","media","failed"
6.6,4.89,214,1,56.71,23.52,"Delta","api","baja","success"
9.19,7.6,211,1,87.84,18.07,"Alpha","auth","alta","success"
29.98,11.83,219,2,93.68,8.81,"Alpha","auth","media","success"
5.5,7.64,195,0,81.89,21.82,"Gamma","api","alta","success"
7.64,5.09,242,2,76.24,41.08,"Beta","ui","media","success"
9.81,3.26,215,0,73.48,25.6,"Alpha","api","media","success"
12.69,2.08,215,2,61.49,12.67,"Delta","api","crítica","success"
12.12,6.37,193,1,92.1,30.68,"Delta","notifications","alta","success"
8.09,4.35,226,NA,64.62,1.74,"Alpha","api","baja","rolled_back"
7.5,6.18,217,2,83.24,10.93,"Alpha","auth","baja","success"
9.69,5.22,230,3,96.1,73.21,"Gamma","database","baja","success"
12.55,5.61,227,1,83.48,10.09,"Alpha","auth","media","success"
15.77,4.61,219,2,79.44,82.48,"Alpha","api","media","success"
12.7,3.15,228,4,37.19,22.58,"Beta","database","baja","success"
6.38,4.39,239,0,67.07,47.1,"Gamma","auth","baja","success"
8.25,2.61,247,0,50.18,18.08,"Delta","api","alta","success"
17.36,7.01,254,3,44.6,9.03,"Alpha","auth","baja","success"
14.81,3.37,226,3,NA,12.87,"Alpha","database","media","success"
7.42,3.01,227,2,90.37,14.57,"Delta","notifications","media","success"
9.78,3.55,211,1,93.11,26.72,"Beta","api","media","success"
6.68,5.79,218,2,86.07,25.03,"Alpha","api","media","success"
5.05,2.32,192,2,66.2,3.53,"Alpha","auth","alta","success"
8.01,9.93,238,3,59.22,8.29,"Delta","ui","baja","success"
6.94,4.85,205,0,75.93,87.21,"Beta","database","media","success"
9.97,4.26,209,0,78.36,2.57,"Alpha","database","media","success"
11.76,7.65,204,4,54.07,21.82,"Delta","api","alta","success"
15.71,10.62,198,1,84.04,28.86,"Gamma","api","media","success"
11.25,3.69,209,0,39.42,6.03,"Beta","api","media","rolled_back"
10.62,7.33,215,2,85.55,10.25,"Alpha","notifications","media","success"
7.66,2.53,239,0,82.67,38.37,"Beta","api","media","success"
8.9,3.05,228,2,85.65,4.57,"Gamma","api","alta","success"
11.99,3.61,242,1,89.89,12.22,"Gamma","auth","baja","success"
3.71,NA,235,1,76.07,55.46,"Gamma","payments","media","failed"
10.11,6.27,199,1,74.22,74.94,"Beta","ui","alta","success"
11.07,2.4,228,3,83.71,4.68,"Alpha","database","baja","success"
17.17,1.82,214,0,65.29,35.27,"Beta","ui","media","success"
12.83,7.96,200,0,81.04,35.01,"Delta","ui","baja","success"
9.02,8.77,232,1,91.74,13.33,"Delta","api","crítica","success"
5.3,3.11,241,1,81.26,5.52,"Alpha","database","media","success"
7.86,6.55,231,1,78.84,24.79,"Delta","api","media","success"
17.05,6.4,219,0,78.92,6.53,"Beta","api","media","success"
17.33,4.53,226,2,95.22,30.9,"Alpha","payments","media","success"
18.12,8.86,204,3,90.54,19.62,"Gamma","api","media","success"
5.36,7.7,224,3,78.12,76.51,"Beta","api","baja","success"
10.15,13.38,243,1,89.84,39.6,"Alpha","auth","baja","success"
12.61,6.97,209,1,83.95,14.68,"Gamma","database","media","success"
6.25,4.6,216,1,68.08,49.49,"Delta","api","media","success"
11.77,7.99,211,0,63.06,10.09,"Alpha","ui","media","success"
12.98,5.71,213,2,84.69,20.47,"Delta","ui","baja","success"
12.12,9.45,239,1,86.77,15.64,"Gamma","ui","media","success"
13.51,5.15,214,0,84.62,9.74,"Delta","auth","alta","success"
9.18,5.8,218,1,86.7,10.83,"Beta","payments","baja","success"
13.37,10.43,217,3,61.53,26.9,"Delta","auth","crítica","success"
6.24,5.66,215,0,96.27,13.41,"Gamma","auth","alta","success"
8.41,1.04,210,2,76.57,8.22,"Delta","auth","crítica","success"
12.44,NA,221,2,77.86,7.89,"Gamma","database","media","failed"
7.61,4.14,248,4,98.81,9.44,"Gamma","ui","alta","success"
5.92,6.08,207,1,67.18,9.41,"Beta","database","media","success"
9.26,3.22,219,0,80.6,95.94,"Delta","auth","media","success"
11.96,11.4,235,0,33.45,6.57,"Alpha","database","media","success"
10.79,7.56,228,2,77.12,28.23,"Gamma","api","baja","success"
7.64,3.03,224,0,87.29,22.47,"Alpha","payments","media","success"
5.46,4.61,229,1,64.33,30.37,"Delta","notifications","media","success"
7.63,1.76,203,0,50.81,21.24,"Delta","api","baja","success"
7.78,7.38,242,2,67.85,5.66,"Delta","auth","baja","success"
19.93,4.99,195,0,88.35,11.15,"Beta","api","baja","success"
10.39,8.32,203,2,70.23,4.73,"Alpha","ui","media","success"
6.01,6.15,224,3,76.22,2.04,"Delta","api","alta","success"
9.44,NA,210,1,87.37,NA,"Beta","ui","media","failed"
11.62,NA,195,1,76.52,16.14,"Beta","auth","alta","failed"
3.76,3.55,227,3,76.28,24.64,"Beta","api","media","success"
17.95,7.29,230,0,75.81,54.07,"Beta","database","media","success"
11.69,4.13,206,0,76.1,14.2,"Gamma","api","baja","success"
15.52,7.9,205,2,74.93,38.27,"Beta","auth","media","success"
8.48,11.84,206,1,29.5,13.32,"Gamma","auth","baja","success"
9.05,9.18,216,4,87.47,10.93,"Gamma","auth","media","success"
15.99,3.76,213,2,68.42,3.68,"Alpha","auth","media","success"
15.64,NA,234,3,80.6,4.32,"Alpha","api","media","failed"
6.02,7.62,220,1,86.83,39.02,"Beta","api","alta","success"
18.35,4.25,212,2,76.22,10.54,"Gamma","api","baja","success"
3.25,8.83,232,0,81.8,30.55,"Delta","ui","media","success"
11.1,7.85,218,1,91.54,2.38,"Beta","payments","media","success"
7.74,6.92,218,2,90.99,29.87,"Gamma","api","baja","success"
5.85,2.41,183,0,62.09,23.64,"Gamma","api","baja","success"
14.12,6.77,217,3,77.91,5.51,"Beta","database","baja","success"
5.37,6.56,212,3,74.11,20.6,"Gamma","api","alta","success"
7.29,2.97,235,2,82.23,51.93,"Delta","ui","baja","success"
13.09,6.06,237,2,49.39,17.44,"Delta","ui","alta","success"
7.91,7.23,232,3,85.91,10.23,"Beta","ui","baja","success"
17.58,4.09,180,1,55.88,15.15,"Gamma","auth","crítica","success"
14.14,4.8,206,1,68.91,55.15,"Beta","payments","alta","success"
5.41,1.67,222,1,77.95,18.41,"Beta","api","baja","success"
16.64,5.98,211,0,92.79,44.05,"Gamma","auth","media","success"
11.45,11.13,227,2,86.92,12.43,"Beta","auth","baja","success"
24.74,4.26,209,1,86.99,28.25,"Beta","ui","baja","success"
19,9.51,214,0,57.91,2.13,"Gamma","database","alta","success"
8.27,5.28,253,2,76.33,29.44,"Alpha","api","alta","success"
4.77,4.57,230,1,65.81,6.27,"Gamma","notifications","media","success"
9.15,6.54,222,1,86.74,14.74,"Gamma","notifications","alta","success"
10.22,6.58,215,4,79.02,9.67,"Delta","payments","media","success"
5.92,2.43,226,2,81.83,10.02,"Gamma","payments","media","success"
14.26,7.43,228,2,67.81,7.97,"Alpha","payments","media","success"
4.67,3.41,214,1,47.06,7.44,"Gamma","payments","media","success"
4.89,7.21,219,1,61.13,63.63,"Gamma","ui","media","success"
9.86,6.03,229,NA,77.74,28.81,"Alpha","auth","alta","rolled_back"
16.72,2.16,217,0,64.51,46.81,"Gamma","database","alta","success"
16.78,5.7,213,0,54.7,23.08,"Delta","ui","alta","success"
13.43,11.68,217,2,86.47,21.45,"Delta","ui","baja","success"
8.41,1.39,212,1,87.96,79.14,"Alpha","api","media","success"
12.68,2.03,244,3,NA,73.59,"Alpha","notifications","media","success"
7.01,12.89,230,3,75.04,11.64,"Gamma","api","alta","success"
8,NA,233,1,73.77,14.75,"Alpha","auth","baja","failed"
13.88,6.87,222,1,56.89,10.68,"Delta","ui","baja","success"
9.5,4.63,217,0,70.35,9.37,"Beta","notifications","baja","success"
19.52,6.72,230,0,65.24,11.87,"Delta","api","media","success"
13.41,3.26,219,2,69.39,12.46,"Alpha","auth","media","success"
9.12,3.79,218,4,77.2,56.05,"Alpha","ui","alta","success"
3.43,3,215,4,68.64,85.25,"Alpha","api","crítica","success"
5.71,2.96,202,1,81.55,25.26,"Delta","api","baja","success"
17.72,5.17,226,1,57.14,15.61,"Beta","auth","baja","success"
18.18,NA,216,1,90.06,10.75,"Delta","ui","media","failed"
9.93,4.45,238,3,86.69,1.28,"Delta","api","alta","success"
10.08,7.9,214,NA,72.53,28.5,"Gamma","database","media","rolled_back"
2.61,3.57,225,1,58.59,21.09,"Gamma","api","alta","success"
12.56,1.77,215,1,77.23,27.27,"Gamma","auth","media","success"
22.28,2.84,210,1,81.22,24.89,"Beta","database","alta","success"
19.12,5.75,236,1,88.69,1.29,"Beta","api","media","success"
11.76,5.14,225,2,74.8,11.55,"Beta","api","media","success"
9.02,8.09,218,0,81.93,10.79,"Beta","api","media","success"
3.48,2.21,207,1,58.98,8.76,"Gamma","auth","baja","success"
9.99,5.31,226,1,91.34,68.65,"Beta","database","media","success"
21.19,7.99,210,0,85.76,38.05,"Beta","ui","media","success"
17.37,NA,226,1,80.95,1.95,"Beta","api","alta","failed"
7.2,1.91,223,3,82.14,18.67,"Alpha","auth","media","success"
15.12,1.27,238,1,76.42,9.99,"Delta","api","baja","success"
16.06,6.67,209,1,74.42,20.69,"Alpha","api","media","success"
14.68,NA,207,2,67.96,18.18,"Gamma","ui","baja","failed"
14.77,3.85,223,1,66.49,25.42,"Delta","payments","crítica","success"
23.37,3.16,234,0,68.69,23.7,"Beta","api","baja","success"
3.97,9.41,221,0,71.84,20.39,"Alpha","api","alta","success"
9.54,5.7,225,1,74.72,26.66,"Delta","api","baja","rolled_back"
5.39,7.46,223,3,83.57,3.62,"Gamma","auth","media","success"
6.36,5.55,226,1,80.32,8.15,"Alpha","ui","media","success"
14.38,6.38,229,0,85.66,25.43,"Delta","database","media","success"
4.98,5.65,210,1,80.12,16.96,"Gamma","ui","baja","success"
7.79,7.02,236,0,86.32,16.91,"Beta","api","baja","success"
11.68,7.52,216,0,80.8,21.02,"Alpha","notifications","baja","success"
10.58,4.02,202,0,92.54,8.36,"Gamma","api","media","success"
11.77,NA,206,1,87.27,NA,"Beta","api","media","failed"
10.42,NA,224,4,63.75,NA,"Alpha","notifications","media","failed"
12.86,6.37,217,1,36.11,10.8,"Gamma","database","baja","success"
10.97,NA,208,4,81.22,3.34,"Gamma","notifications","media","failed"
13.91,5.32,231,4,89.33,3.14,"Delta","notifications","crítica","success"
11.23,11.96,201,2,61.72,36.88,"Delta","ui","media","success"
17.29,6.5,244,1,50.03,15.4,"Alpha","ui","media","success"
9.97,NA,191,1,99.27,2.62,"Gamma","api","media","failed"
12.04,2.57,221,0,68.77,32.48,"Alpha","api","crítica","success"
11.18,7.02,220,NA,90.7,8.32,"Beta","payments","baja","rolled_back"
11.53,NA,202,0,89.93,5.07,"Alpha","auth","media","failed"
9.39,5.92,214,0,60.92,9.2,"Alpha","api","media","success"
6.78,3.22,202,3,76.19,29.32,"Gamma","api","media","success"
11.65,4.24,212,0,52.24,7.07,"Alpha","api","baja","success"
12.13,8.41,235,2,57.71,49.14,"Alpha","api","media","success"
10.11,4.55,185,0,74.24,12.05,"Gamma","auth","media","success"
7.58,3.29,205,1,74.08,45.17,"Gamma","database","baja","success"
4.03,7.15,235,1,67.75,57.86,"Beta","api","media","success"
8.81,5.02,194,0,81.58,32.64,"Alpha","notifications","media","success"
2.66,NA,216,0,95.03,38.55,"Gamma","payments","baja","failed"
10.31,9.52,222,2,86.02,4.77,"Alpha","api","media","success"
30.76,3.94,236,0,84.89,26.51,"Beta","notifications","alta","success"
19.37,5.71,248,1,80.83,69.74,"Alpha","ui","crítica","success"
13.05,4.32,218,1,66.7,65.51,"Delta","database","baja","success"
19.5,1.51,221,2,69.88,19.15,"Alpha","database","baja","success"
21.05,5.96,217,0,84.02,1.24,"Alpha","ui","baja","success"
8.95,3.72,222,0,90.72,65.9,"Beta","auth","baja","success"
17.1,1.57,215,1,72.67,55.26,"Gamma","database","media","success"
10.73,3.42,238,0,76.68,8.17,"Beta","api","media","rolled_back"
29.69,5.57,243,2,89.41,75.22,"Gamma","api","media","success"
13.47,2.58,194,1,79.25,6.66,"Gamma","api","media","success"
4.58,13.96,221,4,NA,2.54,"Beta","ui","baja","success"
18.33,3.36,210,2,74.46,29.58,"Beta","api","alta","success"
12.31,4.88,225,3,65.21,8.17,"Delta","ui","alta","success"
10.35,7.12,221,2,89.32,49.25,"Delta","auth","alta","success"
8.66,NA,235,1,85.34,123.57,"Delta","auth","baja","failed"
8.2,7.32,211,2,67.72,4.81,"Alpha","auth","alta","success"
11.91,8.07,218,0,85.71,67.32,"Gamma","auth","baja","success"
10.55,8.08,217,0,40.3,85.73,"Gamma","auth","baja","success"
9.39,3.22,252,2,35.72,63.37,"Gamma","ui","baja","success"
15.93,1.65,208,3,91.9,3.12,"Alpha","ui","alta","success"
10.21,5.22,242,0,80.55,27.47,"Alpha","api","media","success"
13.15,4.28,225,6,72.91,31.47,"Gamma","ui","alta","success"
5.12,4.84,226,2,68.44,39.9,"Beta","api","baja","success"
22.94,4.56,226,2,76.22,2.73,"Gamma","ui","baja","success"
5.1,4,226,0,78.95,26.12,"Delta","api","crítica","success"
6.21,6.09,244,0,66.61,2.08,"Alpha","api","baja","success"
7.14,NA,214,1,66.46,NA,"Beta","auth","baja","failed"
7.98,5.85,191,1,59.59,10.26,"Alpha","database","baja","success"
15.04,4.95,213,1,79.34,6.7,"Gamma","api","media","success"
6.34,7.48,227,1,65.89,1.66,"Beta","auth","baja","rolled_back"
6.02,5.46,228,2,71.77,35.01,"Beta","auth","baja","rolled_back"
14.06,7.2,209,0,69.35,10.59,"Alpha","api","crítica","success"
9.48,4.43,214,1,96.23,5.24,"Beta","auth","media","success"
11.02,6.88,219,3,67.12,16.49,"Delta","payments","baja","success"
5.43,4.63,227,0,90.53,40.18,"Gamma","ui","media","success"
8.12,NA,240,1,90.59,48.29,"Beta","payments","crítica","failed"
12.6,8.05,220,1,67.65,16.73,"Alpha","ui","baja","success"
15.28,7.47,214,1,60.04,59.51,"Beta","ui","media","success"
8.28,3.87,228,0,66.54,14.21,"Alpha","auth","media","success"
13.61,4.93,227,1,67.38,0.95,"Beta","api","crítica","success"
7.83,NA,206,1,71.59,2.92,"Alpha","payments","media","failed"
9.45,4.88,221,3,82.56,21.95,"Delta","ui","media","success"
17.96,NA,236,2,84.08,17.4,"Gamma","ui","alta","failed"
4.85,5.76,244,2,86.04,8.34,"Alpha","ui","media","success"
19.18,6.19,218,1,92.51,4.7,"Delta","database","alta","success"
4.77,5.6,224,2,62.45,12.9,"Beta","api","alta","success"
11.18,4.31,239,0,97.03,7.74,"Gamma","ui","baja","success"
21.88,NA,220,0,65.79,16.55,"Delta","payments","alta","failed"
11.34,8.68,200,0,60.98,11.1,"Gamma","api","media","success"
9.93,9.79,225,0,77.85,25.19,"Beta","ui","baja","success"
13.75,8.15,214,0,68.08,46.53,"Alpha","api","baja","success"
8.16,4.18,248,0,73.58,20.39,"Beta","api","alta","success"
7.11,2.37,228,2,80.95,26.47,"Beta","auth","alta","success"
4.79,11.22,256,NA,69.86,NA,"Beta","payments","media","rolled_back"
13.07,5.01,221,0,79.93,22.7,"Alpha","ui","media","success"
4.43,9.48,226,1,61.02,3.44,"Delta","auth","alta","success"
8.01,5,209,0,89.92,36.28,"Beta","notifications","media","success"
15.65,13.86,227,2,76.6,23.04,"Beta","ui","media","success"
10.56,NA,201,1,77.3,16.49,"Gamma","database","baja","failed"
16.62,4.55,214,1,79.6,16.65,"Alpha","api","baja","success"
13.13,NA,217,2,73.62,NA,"Gamma","database","baja","failed"
18.54,2.62,212,0,84.06,21.05,"Delta","api","media","success"
10.24,4.25,242,1,37.74,26.53,"Delta","api","alta","success"
12.71,1.76,235,2,84.42,22.18,"Gamma","ui","media","success"
13.88,2.94,242,0,79.06,3.6,"Alpha","ui","baja","success"
4.67,2.62,224,3,86.52,42.26,"Beta","ui","media","success"
12.24,4.4,224,0,76.93,11.37,"Beta","api","media","success"
13.32,4.81,187,NA,87.29,5.43,"Gamma","auth","crítica","rolled_back"
4.87,3.72,208,1,NA,7.19,"Beta","ui","alta","success"
19.96,3.17,213,1,85.69,2.88,"Delta","api","baja","success"
5.95,6.57,197,2,69.35,12.39,"Gamma","api","baja","success"
14,1.43,218,0,88.11,9.58,"Beta","ui","media","success"
7.36,NA,237,2,88.5,13.03,"Gamma","api","media","failed"
9.44,5.37,223,0,57.75,18.4,"Beta","auth","media","success"
9.91,3.64,202,0,74.21,11.48,"Alpha","api","media","success"
19.2,6.37,235,1,80.89,4.8,"Delta","notifications","baja","success"
7.73,5.52,204,2,59.6,38.93,"Gamma","api","alta","success"
6.01,4.55,206,1,59.12,49.79,"Delta","api","baja","success"
11.59,4.73,216,0,NA,54.6,"Delta","api","alta","success"
6.16,3.11,218,3,88.53,5.45,"Beta","auth","media","success"
12.35,2.45,202,4,57.26,2.22,"Alpha","api","alta","success"
13.83,3.86,238,3,82.87,1.8,"Delta","auth","baja","success"
21.21,2.83,222,1,80.68,6.34,"Alpha","ui","baja","success"
7.86,4.64,201,NA,83.22,25.79,"Alpha","ui","baja","rolled_back"
12.82,4.94,217,1,92.5,4.31,"Beta","auth","media","success"
15.19,12.6,217,0,93.23,3.06,"Beta","payments","media","success"
13.05,7.17,242,3,79.54,3.52,"Gamma","notifications","baja","success"
11.26,11.57,222,0,77.07,7.93,"Delta","ui","baja","success"
18.78,4.5,228,2,54.82,3.29,"Delta","ui","media","success"
8.34,NA,209,1,82.71,37.26,"Gamma","payments","baja","failed"
16.56,NA,239,3,88.08,1.3,"Alpha","payments","alta","failed"
4.44,2.27,225,1,89.7,26.05,"Beta","database","media","success"
15.28,6.38,203,1,85.25,68.25,"Gamma","auth","baja","success"
8.88,7.04,227,2,56.5,18.51,"Gamma","notifications","baja","success"
9.22,4.35,214,0,82.17,39.06,"Alpha","ui","baja","success"
3.66,2.8,234,2,86.9,32.75,"Delta","auth","alta","success"
7.48,5.73,239,NA,66.94,NA,"Alpha","auth","baja","rolled_back"
21.42,8.92,232,1,78.57,36.36,"Beta","api","media","success"
13.73,3.93,211,NA,79.31,8.24,"Delta","ui","alta","rolled_back"
16.9,NA,242,1,NA,10.77,"Beta","auth","media","failed"
9,6.96,232,1,75.14,16.41,"Gamma","api","media","success"
16.26,7.74,211,3,69.67,17.26,"Beta","api","alta","success"
17.74,1.94,237,2,75.21,132.1,"Gamma","ui","media","success"
6.85,3.63,226,1,81.28,7.98,"Beta","database","baja","success"
9.22,NA,217,0,86.94,45.94,"Alpha","api","baja","failed"
19.93,1.79,234,1,59.31,31.39,"Alpha","api","media","success"
6.23,5.57,222,0,72.89,8.99,"Beta","database","alta","success"
13.85,4.34,232,0,87.13,23.5,"Delta","notifications","media","success"
9.58,13.97,240,1,70.63,21.78,"Alpha","ui","baja","success"
9.67,8.59,212,NA,79.86,2.98,"Alpha","api","alta","rolled_back"
15.83,4.1,255,1,70.61,40.43,"Beta","ui","media","success"
15.02,9.84,224,1,74.9,6.52,"Beta","ui","alta","success"
12.66,8.72,216,3,73.14,211.29,"Alpha","api","media","success"
8.48,3.41,215,1,83.81,25.28,"Beta","ui","media","success"
10.62,7.92,205,4,80.7,6.68,"Delta","api","baja","success"
12.5,4.1,225,1,90.51,2.1,"Beta","api","baja","success"
5.09,4.39,207,0,67.41,38.64,"Gamma","api","baja","success"
13.44,7.89,199,1,72.08,4.78,"Beta","ui","media","success"
12.71,3.26,227,3,54.62,41.88,"Alpha","database","media","success"
10.59,5.2,220,3,78.71,24.07,"Beta","auth","baja","success"
15.38,4.95,216,4,78.28,6.03,"Alpha","api","media","success"
11.76,4.85,233,3,93.55,16.05,"Alpha","ui","media","success"
9.61,5.58,232,1,81.57,24.87,"Delta","api","media","success"
4.02,2.54,239,1,80.98,16.56,"Alpha","auth","baja","success"
14.93,NA,220,2,78.57,6.93,"Gamma","database","baja","failed"
11.27,3.42,221,0,66.57,1.54,"Alpha","api","baja","success"
8.11,4.9,225,3,66.37,13.09,"Delta","auth","media","success"
6.42,1.96,234,1,72.62,32.13,"Alpha","api","media","success"
11.59,10.8,209,2,88.97,10.37,"Gamma","auth","baja","rolled_back"
15.4,1.37,231,1,75.3,22.19,"Beta","auth","media","success"
5.74,2.7,208,2,64.83,62.08,"Beta","ui","baja","success"
6.48,3.35,210,0,83.98,45.02,"Alpha","payments","media","success"
6.95,4.68,197,1,79.84,45.47,"Beta","api","media","success"
12.14,9.25,205,0,69.66,34.33,"Gamma","ui","alta","success"
14.05,NA,202,2,85.61,10.83,"Delta","payments","media","failed"
13.34,2.21,219,2,89.24,2.48,"Beta","api","baja","success"
7.7,5.17,218,2,83.69,2.14,"Alpha","database","media","success"
7.38,4.06,200,1,66.84,15.77,"Beta","auth","media","success"
15.09,1.72,194,1,71.93,20.49,"Delta","ui","alta","success"
26.5,4.84,230,1,87.12,2.46,"Alpha","auth","baja","success"
11.58,6.65,221,1,82.57,23.69,"Gamma","payments","baja","success"
10.73,6.19,207,1,91.46,6.18,"Alpha","ui","alta","success"
12.75,6.15,221,1,44.08,1.8,"Beta","payments","baja","success"
10.26,2.96,212,2,81.75,11.35,"Gamma","auth","media","success"
4.92,4.5,252,2,93.17,21.68,"Beta","auth","crítica","success"
6.88,11.64,210,NA,84.73,8.85,"Beta","auth","media","rolled_back"
4.18,3.72,211,1,86.24,11.23,"Alpha","api","crítica","success"
10.7,3.42,225,0,69.51,19.41,"Beta","api","baja","success"
10.23,NA,216,2,88.85,NA,"Gamma","database","baja","failed"
12.77,5.73,218,1,67.95,7.65,"Beta","payments","baja","success"
8.15,3.55,256,1,67.77,15.62,"Alpha","database","baja","success"
6.92,NA,254,3,74.41,9.07,"Beta","api","media","failed"
7.59,2.13,221,0,71.74,1.1,"Gamma","ui","media","success"
6.86,8.94,221,3,62.56,19.46,"Beta","database","baja","success"
8.37,21.46,206,1,71.61,32.2,"Delta","api","media","success"
4.36,15.32,196,2,78.51,2.97,"Beta","payments","media","success"
9.23,6.63,200,1,83.54,63.96,"Delta","ui","alta","success"
7.05,3.66,229,1,80.84,37.71,"Gamma","api","alta","success"
2.65,8.26,206,2,NA,3.29,"Delta","ui","crítica","success"
6.88,3.98,225,4,96.45,12.89,"Delta","notifications","alta","success"
10.77,7.2,221,1,77.5,10.06,"Delta","notifications","crítica","success"
8.81,4.84,224,0,80,5.21,"Gamma","auth","media","success"
6.42,NA,196,1,58.77,NA,"Gamma","auth","baja","failed"
11.82,2.08,209,0,66.67,51.3,"Alpha","database","crítica","success"
8.02,NA,212,0,74.37,NA,"Beta","ui","crítica","failed"
11.89,6.6,223,1,45.58,6.71,"Delta","ui","media","success"
22.3,NA,218,1,90.72,NA,"Alpha","ui","baja","failed"
8.63,4.22,211,3,90.78,15.63,"Delta","ui","alta","success"
8,7.08,228,1,46.73,15.49,"Beta","notifications","media","success"
8.2,NA,208,2,65.86,NA,"Delta","api","media","failed"
11.82,3.59,214,1,88.67,27.03,"Gamma","ui","crítica","success"
8.23,2.2,211,1,79.37,NA,"Beta","database","baja","rolled_back"
10.72,3.72,205,3,63.73,27.36,"Delta","ui","alta","success"
6.64,12.52,206,2,75.26,6.21,"Delta","auth","alta","success"
13.8,9.86,246,2,65.78,10,"Gamma","api","alta","success"
17.41,6.75,216,1,76.69,14.75,"Beta","database","baja","success"
18.68,9.54,231,0,89.48,30.4,"Alpha","auth","media","success"
10.67,8.22,202,1,77.87,61.2,"Beta","auth","media","success"
16.8,NA,227,1,69.67,NA,"Gamma","auth","crítica","failed"
16.52,13.49,233,1,82.93,5.11,"Gamma","api","media","success"
5.6,4.5,228,1,79.87,40.82,"Delta","api","media","success"
5.9,NA,238,4,76.33,1.06,"Delta","ui","crítica","failed"
10.81,5.67,198,1,90.32,28.47,"Alpha","auth","baja","success"
7.97,6.89,216,0,55.78,17.92,"Beta","ui","media","success"
6.05,5.98,225,0,62.55,3.68,"Gamma","api","media","rolled_back"
8.27,10.61,238,2,67.3,34.64,"Delta","auth","media","success"
18.49,3.68,219,2,78.99,30.6,"Beta","ui","baja","success"
6.71,6.51,231,1,74.55,16.86,"Delta","auth","media","success"
10.97,5.17,209,2,71.56,7.13,"Beta","ui","media","success"
7.6,4.14,238,0,83.62,22.5,"Alpha","api","baja","success"
11.96,12.55,239,1,79.92,24.82,"Gamma","ui","alta","success"
14.23,8.72,226,1,70.91,5.14,"Beta","auth","alta","success"
22.49,14.2,231,2,79.27,11.53,"Beta","auth","baja","success"
12.57,4.97,216,2,45.96,44.85,"Beta","database","baja","success"
6.8,19.18,202,2,83.69,17.18,"Alpha","ui","media","success"
7.67,3.09,210,1,61.95,50.82,"Beta","auth","crítica","success"
12.99,4.07,229,2,89.99,6.44,"Beta","api","media","success"
10.68,5.27,238,0,89.79,11.7,"Gamma","ui","alta","success"
30.3,7.33,207,1,74.05,38.73,"Delta","database","alta","success"
6.88,6.37,239,NA,95.25,9.68,"Gamma","api","media","rolled_back"
18.95,5.82,239,1,92.48,25.5,"Beta","database","alta","success"
8.27,7.52,202,1,71.64,17.19,"Beta","api","media","success"
16.71,4.55,233,1,63.31,7.71,"Beta","ui","baja","success"
17.31,1.59,229,0,82.38,28.7,"Gamma","payments","baja","success"
17.14,NA,216,0,68.14,32.86,"Alpha","ui","baja","failed"
10.09,5.17,222,3,75.22,5.95,"Beta","api","media","success"
13.49,17.65,212,0,75.32,8.2,"Alpha","api","media","success"
9.82,NA,224,1,62.22,35.98,"Gamma","auth","baja","failed"
12.84,8.65,220,0,72.41,6.56,"Gamma","api","baja","success"
15.8,6.68,229,0,82.21,40.87,"Delta","ui","media","success"
6.93,NA,224,2,76.62,NA,"Beta","ui","media","failed"
13.97,7.08,234,0,80.54,15.38,"Alpha","payments","baja","success"
17.93,3.39,235,2,68.29,29.81,"Beta","api","media","success"
13.68,6.05,242,0,83.92,12.09,"Alpha","ui","baja","success"
10.68,4.96,230,NA,89.83,94.32,"Gamma","ui","baja","rolled_back"
21.41,3.64,213,0,84.95,2.16,"Gamma","api","media","success"
9.3,NA,214,2,77.38,23.55,"Alpha","ui","baja","failed"
3.61,5.23,221,0,74.87,76.97,"Gamma","auth","media","success"
3.53,6.19,238,1,79.26,35.53,"Beta","ui","baja","success"
13.68,3.16,212,0,59.88,26.13,"Alpha","api","baja","success"
8.13,3.94,224,0,61.86,43.17,"Beta","api","media","success"
7.2,4.63,192,1,59.35,50.38,"Delta","database","media","success"
13.09,7.8,238,3,41.03,48.17,"Alpha","database","media","success"
16.87,3.6,224,1,74.05,5.7,"Beta","database","media","success"
11.26,7.72,225,1,47.3,38.59,"Alpha","auth","baja","success"
7.1,3.42,233,4,90.85,12.47,"Alpha","ui","media","success"
8.76,NA,213,2,92.29,81.02,"Beta","auth","crítica","failed"
9.63,2.24,245,1,54.97,59.94,"Gamma","ui","media","success"
26.93,7.75,201,1,75.38,1.55,"Delta","payments","alta","success"
5.86,5.14,232,1,80.76,24.52,"Beta","api","alta","success"
8.22,NA,215,0,72.61,NA,"Alpha","ui","media","failed"
11.26,4.6,242,0,59.35,8.16,"Beta","api","media","success"
8.71,12.95,216,3,84.62,7.44,"Delta","ui","baja","success"
8.45,6.05,237,6,87.66,27.48,"Delta","notifications","baja","success"
9.59,2.26,224,2,79.88,7.42,"Delta","auth","baja","success"
12.49,7.33,230,2,62.15,19.14,"Beta","ui","baja","success"
10.18,2.51,235,0,47.53,NA,"Delta","ui","media","rolled_back"
7.12,6.1,214,1,87.58,97.32,"Delta","notifications","media","success"
13.53,1.33,244,0,76.74,71.13,"Gamma","ui","baja","success"
17.45,2.11,231,1,71.48,31.73,"Beta","api","baja","success"
21.87,4.28,206,1,86.9,15.46,"Gamma","ui","baja","success"
17.19,6.33,235,3,92.84,NA,"Beta","database","baja","rolled_back"
24.33,3.09,234,1,95.82,3.72,"Gamma","payments","baja","success"
25.23,3.25,248,0,64.65,23.67,"Beta","api","alta","success"
10.84,2.12,193,NA,59.38,NA,"Beta","ui","baja","rolled_back"
12.55,8.06,253,0,52.06,46.13,"Beta","database","alta","success"
21.77,9.98,218,0,62.72,42.34,"Beta","auth","media","success"
11.31,4.45,197,2,80.78,21.93,"Beta","auth","media","success"
4.56,3.44,219,3,83.04,11.68,"Alpha","ui","baja","success"
10.74,8.35,228,2,91.26,61.69,"Beta","api","baja","success"
12.87,6.4,211,1,91.43,80.25,"Alpha","auth","baja","success"
10.4,6.48,209,0,84.41,21.6,"Gamma","ui","baja","success"
15.44,3.55,234,1,71.76,7.42,"Alpha","auth","baja","success"
17.13,8.35,221,0,68.67,30.26,"Alpha","ui","baja","success"
16,2.17,197,0,67.32,6.79,"Gamma","notifications","media","success"
11.09,3.2,207,0,66.3,29.4,"Gamma","ui","media","success"
18.11,5.16,216,0,53.5,6.41,"Alpha","payments","baja","success"
11.02,6.13,241,1,79.01,76.75,"Alpha","payments","media","success"
11.3,NA,208,4,90.63,54.89,"Gamma","ui","media","failed"
10.85,4.56,239,0,72.74,13.17,"Alpha","database","media","success"
13.97,3.44,225,1,82.7,5.1,"Gamma","ui","media","success"
7.55,17.49,219,4,82.51,6.32,"Beta","auth","baja","success"
10.14,18.75,228,1,88.35,36.4,"Alpha","ui","media","success"
5.05,6.46,209,1,74.25,6.02,"Alpha","api","baja","success"
8.84,3.87,207,0,86.56,73.62,"Beta","auth","alta","success"
20.77,3.13,209,1,97.48,38.56,"Beta","auth","alta","success"
9.98,2.72,232,2,56.09,9.99,"Beta","ui","baja","success"
11.21,5.22,230,0,77.24,29.49,"Gamma","api","media","success"
10.62,1.72,219,0,71.49,22.34,"Alpha","api","alta","success"
5.65,5.47,212,1,78.93,2.41,"Alpha","api","crítica","success"
11.53,2.39,227,2,98.51,30.46,"Alpha","notifications","alta","success"
13.87,4.64,211,2,76.58,14.74,"Beta","auth","alta","success"
11.47,6.74,234,2,78.13,1.07,"Gamma","payments","media","success"
17.93,3.17,210,0,87.32,41.84,"Delta","auth","media","success"
15.29,2.53,222,0,94.3,20.08,"Delta","api","media","success"
8.49,5.19,218,0,68.21,31.94,"Delta","api","alta","success"
15.11,8.69,222,1,59.07,35.46,"Beta","database","media","success"
4.16,3.76,199,1,56.75,34.54,"Alpha","api","media","success"
17.04,8.2,231,1,82.95,11.35,"Beta","api","baja","success"
16.19,4.31,241,1,62.99,12.02,"Alpha","auth","media","success"
11.41,2.77,226,1,86.88,31.87,"Beta","auth","baja","success"
14.55,2.2,203,2,74.08,1.08,"Alpha","auth","alta","success"
7.88,9.72,226,2,93.51,43.48,"Beta","database","media","success"
25.38,7.95,232,0,84.87,60.83,"Beta","auth","alta","success"
6.29,5.82,213,2,92.71,93.04,"Beta","ui","baja","success"
17.09,11.19,227,0,68.41,15.29,"Beta","auth","media","success"
8.39,5.86,209,1,52.18,44.33,"Beta","auth","media","success"
13.75,2.26,198,1,87.37,28.59,"Alpha","api","alta","success"
12.59,NA,206,2,55.43,14.9,"Beta","auth","baja","failed"
10.23,3.54,225,4,89.37,35.41,"Gamma","api","media","success"
14.64,1.89,224,NA,49.85,27.04,"Alpha","database","alta","rolled_back"
10.21,13.44,236,2,77.5,1.67,"Beta","ui","media","success"
16.77,5.38,221,0,90.98,20.99,"Beta","database","alta","success"
27.56,NA,234,1,56.26,25.84,"Gamma","api","media","failed"
12.49,3.78,221,4,83.49,2.4,"Beta","api","alta","success"
14.05,5.06,222,0,94.7,16.69,"Beta","ui","crítica","success"
18.21,9.23,222,0,66.97,13.89,"Gamma","api","media","success"
12.04,3.79,226,0,64.52,54.98,"Gamma","notifications","baja","success"
17.2,3.85,213,1,85.07,14.38,"Gamma","auth","baja","success"
15.91,5,209,0,88.57,14.72,"Alpha","ui","alta","success"
12.1,5.03,211,2,92.36,23.04,"Beta","api","baja","success"
9.13,4.78,239,1,86.57,42.3,"Delta","ui","media","success"
8.76,NA,215,2,84.09,18.45,"Gamma","api","alta","failed"
10.14,2.55,222,0,78.59,1.24,"Delta","auth","alta","success"
18.38,3.58,231,0,77.94,25.58,"Beta","ui","media","success"
11.32,6.77,205,0,76.88,21.27,"Alpha","ui","media","success"
4.95,NA,216,1,85.61,26.06,"Beta","auth","crítica","failed"
14.71,NA,232,1,85.35,14.4,"Gamma","ui","media","failed"
15.35,1.08,226,2,78.05,8.77,"Alpha","payments","media","success"
11.8,3.15,224,1,76.86,5.29,"Alpha","auth","media","success"
6.26,12.78,209,2,94.53,1.58,"Gamma","auth","baja","success"
13.21,NA,234,3,73.96,53.67,"Alpha","notifications","baja","failed"
5.32,3.49,231,2,83.16,14.91,"Beta","api","baja","success"
4.93,5.97,204,1,65.05,23.99,"Delta","api","media","success"
7.75,13.13,205,0,88.7,19,"Beta","auth","media","success"
17.13,12.4,189,1,75.59,26.05,"Beta","database","media","success"
12.87,13.8,220,3,82.49,5.38,"Beta","api","media","success"
10.82,10.69,242,0,92.12,6.39,"Delta","ui","media","rolled_back"
17.58,5.37,203,0,78.51,23.87,"Gamma","api","media","success"
13.86,15.44,204,1,87.11,18.33,"Beta","database","baja","success"
8.85,2.69,198,NA,76.86,1.53,"Beta","ui","media","rolled_back"
9.64,7.57,219,0,77.29,85.9,"Beta","database","media","success"
5.09,5.35,232,0,81.97,33.21,"Gamma","api","media","success"
5.6,3.14,210,1,48.11,0.89,"Alpha","api","media","success"
11.11,4.2,216,0,77.74,29.56,"Gamma","auth","baja","success"
14.41,4.87,220,1,75.32,36.64,"Gamma","api","crítica","success"
7.76,NA,217,0,80.33,NA,"Gamma","payments","baja","failed"
13.6,4.59,229,1,97.67,58.44,"Gamma","payments","crítica","success"
7,NA,232,1,89.38,13.73,"Alpha","auth","baja","failed"
13.17,6.36,204,2,98.6,23.54,"Beta","api","crítica","success"
12.68,5.4,199,0,83.15,3.97,"Alpha","api","media","success"
13.55,NA,236,0,84.66,35.39,"Beta","ui","crítica","failed"
8.07,4.28,214,1,73.75,27.34,"Alpha","api","baja","success"
16.15,1.62,227,2,83.07,1.09,"Delta","notifications","media","success"
12.61,5.37,219,1,77.99,16.83,"Delta","auth","media","success"
9.29,9.41,203,2,79.29,19.39,"Beta","auth","baja","success"
5.57,3.52,233,0,82.44,36.49,"Alpha","api","baja","success"
16.23,8.64,243,0,84.64,8.82,"Gamma","ui","alta","success"
6.55,5.89,213,1,56.88,4.49,"Alpha","payments","media","success"
10.02,7.87,207,0,90.03,16.92,"Beta","ui","media","success"
5.21,NA,207,0,94.63,1.25,"Gamma","ui","media","failed"
11.28,3.22,221,2,84.62,3.56,"Alpha","notifications","crítica","success"
17.93,4.82,215,0,65.19,24.54,"Delta","api","media","success"
15.96,16.08,197,1,84.37,12.64,"Alpha","database","media","success"
13.91,7.84,201,0,97.5,38.35,"Delta","api","baja","success"
12.25,3.08,212,0,74.66,4.67,"Beta","api","media","success"
9.79,4.02,217,0,95.32,5.23,"Beta","auth","baja","success"
8.91,NA,224,1,71.33,3.24,"Alpha","notifications","alta","failed"
15.63,5.19,213,1,76.86,39.63,"Gamma","ui","media","success"
10.77,7.4,211,1,66.59,27.42,"Gamma","notifications","media","success"
15.43,4.21,213,2,58.39,1.87,"Alpha","auth","baja","success"
24.36,6.57,252,0,89.09,37.79,"Alpha","database","alta","success"
12.4,8.54,234,0,64.3,5.55,"Delta","auth","baja","success"
9.55,4.46,213,0,86.53,13.61,"Alpha","database","baja","success"
17.28,5.94,214,0,81.99,63.87,"Beta","database","baja","success"
21.38,4.95,213,1,67.6,27.66,"Gamma","database","crítica","success"
7.63,6.63,222,2,82.04,23.72,"Beta","database","alta","success"
15.78,10.56,215,1,84.48,38.57,"Delta","ui","baja","success"
14.99,6.41,226,3,76.62,35.76,"Gamma","ui","baja","success"
9.66,4.33,225,0,60.59,8.29,"Alpha","ui","media","success"
17.21,10.47,202,1,56.44,18.45,"Beta","ui","media","success"
14.12,4.89,244,1,63.14,14.88,"Gamma","notifications","baja","success"
11.32,6.47,228,1,78.92,22.98,"Beta","api","baja","success"
11.41,8.76,207,0,66.84,20.98,"Gamma","ui","alta","success"
10.64,12.54,216,0,81.41,13.52,"Alpha","auth","alta","success"
7.35,6.96,216,0,87.08,14.27,"Alpha","ui","crítica","success"
14.32,2.94,220,1,52.25,8.89,"Delta","ui","baja","success"
11.04,6.24,211,3,88.07,22.3,"Beta","ui","baja","success"
8.59,1.92,208,0,83.36,55.24,"Alpha","database","baja","success"
5.73,4.49,231,1,83.5,84.94,"Gamma","api","media","success"
5.94,9.67,203,1,80.83,3.08,"Gamma","auth","media","success"
17.43,13.08,192,1,81.13,32.66,"Alpha","ui","media","success"
15.74,4.45,234,1,63.62,5.18,"Delta","ui","crítica","success"
6.89,7.09,205,1,74.02,16.75,"Beta","api","baja","success"
21.94,1.81,220,1,84.99,40.01,"Gamma","ui","alta","success"
7.96,3.27,211,1,74.89,2.77,"Beta","auth","baja","success"
16.64,16.27,220,1,66.21,36.61,"Beta","auth","alta","rolled_back"
6.26,9.34,217,1,82.29,17.51,"Alpha","ui","alta","success"
16.43,6.72,223,3,90.5,22.44,"Alpha","notifications","media","success"
16.69,4.76,226,0,90.33,12.84,"Gamma","payments","baja","success"
7.39,4.55,230,0,44.01,10.27,"Beta","database","alta","success"
2.94,5.21,221,2,92.22,2.76,"Alpha","auth","media","success"
13.56,4.4,242,1,97.4,9.63,"Beta","ui","baja","success"
9.44,NA,218,1,70.25,10.55,"Alpha","ui","alta","failed"
11.73,NA,216,1,74.61,21.67,"Alpha","ui","baja","failed"
20.51,NA,232,3,91,NA,"Beta","database","alta","failed"
9.3,5.14,194,0,76.32,12.42,"Alpha","payments","media","success"
17.11,NA,215,0,47.09,NA,"Beta","payments","alta","failed"
13.21,7.17,226,0,69.68,15.85,"Beta","auth","alta","success"
10.81,NA,214,2,87.93,87.6,"Beta","ui","crítica","failed"
10.41,5.42,237,2,75.56,3.43,"Delta","auth","baja","success"
16.05,3.92,214,0,81.98,95.41,"Alpha","api","baja","success"
6.21,4.53,235,1,57.74,5.08,"Gamma","auth","media","success"
8.82,5.61,217,3,81.06,97.33,"Alpha","api","media","success"
8.83,4.95,210,0,81.45,20.03,"Gamma","notifications","baja","success"
4.09,9.85,200,2,82.92,8.18,"Gamma","auth","baja","success"
8.75,11.84,216,1,82.48,10.82,"Gamma","auth","alta","success"
9.31,8.05,223,1,80.15,43.85,"Alpha","payments","crítica","success"
14.33,5.85,206,2,79.84,89.48,"Gamma","auth","media","success"
10.68,4.28,241,1,89.08,20.44,"Gamma","auth","baja","success"
13.81,4.03,224,2,80.25,40.49,"Gamma","auth","alta","success"
12.66,NA,225,2,75.5,2.55,"Delta","auth","alta","failed"
11.97,5.61,241,0,68.64,19.59,"Delta","api","media","success"
17.19,NA,209,0,41.85,106.95,"Alpha","ui","baja","failed"
7.99,2.59,220,1,95.05,7.73,"Gamma","ui","baja","success"
10.41,7.63,226,1,89.85,NA,"Beta","api","baja","rolled_back"
6.08,8.32,221,4,68.34,7.62,"Delta","api","media","success"
4.81,NA,226,0,75.29,4.06,"Beta","ui","baja","failed"
8.13,3.28,221,1,59.92,58.71,"Beta","auth","media","success"
15.27,3.4,238,3,93.44,4.92,"Gamma","api","media","success"
13.62,NA,204,3,75.14,1.92,"Delta","api","crítica","failed"
7.67,4,241,1,83.4,14.39,"Delta","api","baja","success"
13.58,4.14,206,3,89.31,17.84,"Gamma","notifications","media","success"
9.82,3.3,230,2,86.22,8.87,"Beta","ui","alta","success"
5.92,8.46,228,2,75.68,15.47,"Alpha","notifications","alta","success"
7.84,3.04,245,0,73.11,30.33,"Beta","api","media","success"
15.48,3.6,223,5,68.59,9.11,"Beta","auth","crítica","success"
8,5.61,214,1,42.85,39.27,"Beta","ui","media","success"
18.75,6.42,221,0,60.4,2.91,"Gamma","api","baja","success"
5.97,5.04,230,1,92.74,0.72,"Delta","api","baja","success"
17.39,6.56,208,1,70.29,34.14,"Beta","ui","crítica","success"
10.15,8.37,199,0,86.4,32.9,"Gamma","api","alta","success"
9.63,5.89,233,3,87.37,21.46,"Alpha","notifications","media","success"
6,3.48,230,0,67.57,8.75,"Alpha","api","baja","success"
8.57,7.4,208,2,80.52,30.43,"Beta","database","baja","success"
11.44,10.77,232,5,91.25,7.9,"Beta","api","baja","success"
9.92,11.57,228,0,77.83,8.29,"Gamma","ui","baja","success"
16.01,3.67,249,1,57.88,2.91,"Alpha","ui","baja","success"
14.35,3.24,227,0,97.92,40,"Alpha","auth","baja","success"
8.69,2.89,220,1,83.77,132.75,"Beta","api","alta","success"
6.12,9.72,218,0,77.63,14.48,"Beta","api","baja","success"
11.82,7.29,215,2,90.56,23.88,"Alpha","api","baja","success"
5.05,4.85,219,3,67.33,NA,"Beta","api","alta","rolled_back"
9.7,4.84,209,0,72.83,11.28,"Delta","auth","alta","success"
10.81,2.71,217,0,52.23,17.79,"Delta","auth","media","success"
12.71,6.13,221,1,87.95,19.24,"Delta","api","alta","success"
14.93,4.19,198,1,78.32,11.95,"Alpha","api","media","success"
10.5,6.75,233,1,89.2,19.2,"Beta","ui","alta","success"
8.22,1.84,233,1,58.04,57.45,"Delta","ui","alta","success"
10.94,2.83,230,3,81.19,26.56,"Beta","auth","media","success"
8.65,4.83,212,0,75.54,91.77,"Gamma","notifications","baja","rolled_back"
11.86,5.56,228,1,80.03,22.62,"Beta","auth","media","success"
11.15,7.11,216,2,76.17,13.51,"Beta","auth","baja","success"
15.84,8.39,213,2,78.44,4.72,"Alpha","auth","baja","success"
21.59,5.44,226,1,84.32,22.02,"Gamma","api","alta","success"
9.01,7.48,218,1,85.25,5.99,"Alpha","payments","media","success"
22.57,2.5,238,3,61.83,9.17,"Gamma","ui","media","success"
29.62,4.76,226,2,67.54,1.15,"Alpha","api","media","success"
10.53,3.29,197,1,78.44,30.41,"Beta","api","media","success"
6.97,13.13,228,3,68.66,2.27,"Delta","api","media","success"
17.3,7.88,234,2,50.48,35.19,"Beta","api","baja","success"
20,3.93,206,1,81.63,19.94,"Beta","ui","crítica","success"
11.56,3.8,245,1,63.29,14.64,"Gamma","ui","baja","rolled_back"
15.46,6.46,219,2,79.23,5.65,"Alpha","payments","baja","rolled_back"
8.49,1.59,213,1,83.73,55.37,"Delta","ui","media","success"
4.85,5.4,229,1,NA,NA,"Gamma","api","crítica","rolled_back"
9.43,NA,232,0,88.74,9.79,"Delta","database","media","failed"
5.35,8.57,217,0,80.43,3.74,"Beta","auth","alta","success"
18.77,4.85,212,1,82.75,5.54,"Delta","database","baja","success"
8.37,3.06,199,1,55.74,65.16,"Beta","api","baja","success"
9.06,NA,232,1,92.15,NA,"Gamma","notifications","alta","failed"
32.01,4.29,217,1,63.32,40.06,"Alpha","ui","baja","rolled_back"
7.06,NA,213,0,75.67,90.23,"Beta","auth","media","failed"
10.86,3.97,208,2,77.1,24.37,"Alpha","api","media","success"
15.36,4.2,231,3,67.06,14.95,"Alpha","auth","crítica","success"
17.81,7.52,214,1,54.54,37.46,"Delta","ui","baja","success"
8.15,2.79,206,1,58.47,9.87,"Gamma","payments","media","success"
13.77,1.07,219,0,78.79,12.98,"Delta","database","media","success"
10.47,1.43,213,1,55.62,40.44,"Beta","database","baja","success"
6.09,9.54,214,1,88.62,39.2,"Gamma","ui","media","success"
6.06,3.71,239,3,80.1,17.22,"Alpha","payments","media","success"
4.22,6.5,200,0,71.57,34.27,"Gamma","payments","baja","success"
6.27,6.64,226,2,68.92,18.83,"Alpha","api","media","success"
12.14,7.14,202,3,78.16,0.58,"Delta","auth","baja","success"
14.53,2.56,215,1,77.81,35.82,"Alpha","api","media","success"
12.24,3.44,220,0,73.74,13.8,"Gamma","auth","media","rolled_back"
16.89,3.21,241,3,66.9,14.15,"Delta","api","media","success"
3.3,4.19,206,1,NA,22.32,"Alpha","auth","alta","success"
11.2,7.71,236,0,55.11,12.36,"Delta","ui","alta","success"
9.73,1.36,213,3,79.56,35.14,"Gamma","ui","media","success"
21.1,4.73,220,1,69.49,26.43,"Gamma","api","media","success"
32.48,3.93,207,1,79.17,53.38,"Beta","ui","baja","success"
7.08,5.54,213,0,80.2,2.69,"Gamma","api","media","success"
9.54,1.77,198,2,73.53,42.55,"Alpha","api","alta","success"
16.25,14.01,207,2,81.88,11.29,"Beta","payments","alta","success"
10.73,3,210,0,78.04,18.84,"Alpha","api","crítica","success"
10.59,9.16,210,1,87.5,20.07,"Delta","notifications","baja","success"
9.61,2.08,226,0,73.97,26.53,"Alpha","auth","baja","success"
30.77,2.63,218,3,81.93,14.99,"Alpha","notifications","baja","success"
16.54,NA,195,1,69.15,36.5,"Beta","api","alta","failed"
16.69,9.64,207,3,81.57,34.52,"Alpha","auth","alta","success"
8.82,5.48,220,1,87.51,24.25,"Alpha","api","crítica","success"
5.49,8.82,200,2,80.59,48.93,"Delta","ui","baja","success"
17.62,6.14,209,0,94.23,2.46,"Alpha","ui","media","success"
16.55,4.83,225,0,91.96,1.53,"Alpha","api","media","success"
7.24,8.23,232,2,80.98,0.69,"Delta","api","alta","success"
15.1,1.34,227,1,65.56,12.82,"Beta","ui","media","success"
14.69,1.73,241,0,65.98,44.49,"Alpha","ui","alta","success"
7.96,5.82,210,2,73.88,9.48,"Gamma","ui","media","success"
5.25,7.37,201,0,70.57,15.05,"Beta","api","media","rolled_back"
7.75,12.87,199,2,67.02,9.91,"Alpha","payments","media","success"
9.58,6.26,219,2,79.8,6.97,"Delta","ui","media","success"
15.27,3.73,221,1,74.8,67.55,"Beta","payments","baja","success"
7.74,15.08,217,0,77,36.47,"Beta","auth","alta","success"
7.51,NA,226,0,60.77,11.36,"Beta","auth","baja","failed"
16.32,NA,236,1,67.11,10.2,"Beta","ui","crítica","failed"
9.98,5.05,201,1,76.37,19.45,"Alpha","api","media","success"
14.42,5.97,210,2,74.94,6.71,"Beta","api","baja","success"
23.54,3.52,217,0,54.58,5.5,"Beta","auth","baja","success"
8.98,9.16,240,1,74.84,16.07,"Delta","notifications","alta","success"
12.23,5.71,250,0,50.96,24.83,"Alpha","auth","media","success"
8.61,NA,200,0,50.98,5.39,"Alpha","api","media","failed"
13.75,2.32,214,2,74.02,1.35,"Beta","ui","baja","success"
4.29,5.67,222,2,93.97,26.18,"Beta","api","media","success"
19.25,3.42,201,5,73.92,57.04,"Beta","ui","baja","success"
9.03,2.94,218,1,95.75,2.34,"Gamma","ui","baja","success"
17.17,8.89,226,1,84.58,6.96,"Gamma","ui","baja","success"
10.74,9.39,215,3,78.14,59.18,"Gamma","auth","media","success"
15.43,NA,195,2,84.57,NA,"Beta","api","alta","failed"
8.59,4.89,229,1,64.69,23.26,"Delta","payments","media","success"
6.85,8.27,221,NA,90.97,34.46,"Beta","auth","media","rolled_back"
12.68,NA,218,2,79.7,50.78,"Alpha","ui","media","failed"
17.11,5.07,205,NA,91.31,1.89,"Gamma","database","baja","rolled_back"
15.24,10.27,235,0,90.36,9.05,"Alpha","ui","baja","success"
7.13,14.28,219,5,81.9,10.86,"Alpha","api","alta","success"
11.47,10.71,218,3,71.81,16.13,"Gamma","database","baja","success"
10.71,3.56,237,0,51.5,3.84,"Beta","notifications","alta","success"
4.31,3.97,229,3,69.72,37.62,"Alpha","auth","media","rolled_back"
15.51,4.05,227,1,78.77,66.43,"Gamma","api","crítica","success"
10.43,7.73,221,1,74.67,15.61,"Delta","database","media","success"
10.86,3.88,231,3,88.08,7.57,"Gamma","payments","media","success"
14.12,1.89,246,1,68.09,12.84,"Gamma","ui","media","success"
9.96,5.78,255,1,77.06,5.39,"Beta","payments","media","success"
10.8,4.64,235,4,96.78,2.19,"Delta","auth","baja","success"
13.56,2.75,238,3,78.38,8.31,"Beta","api","media","success"
7.24,4.67,215,1,81.63,1.62,"Delta","api","alta","rolled_back"
22.19,11.95,193,0,74.1,40.89,"Beta","database","alta","success"
8.59,1.73,216,0,86.13,2.8,"Gamma","auth","alta","success"
8.35,3.48,224,1,71.93,14.72,"Alpha","auth","alta","success"
15.68,1.97,260,2,81,6.49,"Delta","payments","alta","success"
4.83,4.03,220,2,79.02,21.74,"Alpha","payments","media","success"
12.91,3.07,219,1,89.33,45.22,"Beta","auth","media","success"
14.61,2.63,212,2,90.01,19.81,"Gamma","database","alta","success"
14.37,11.42,202,1,56.42,75.59,"Alpha","notifications","media","success"
27.39,2.81,205,1,83.7,54.71,"Alpha","api","baja","success"
22.54,NA,219,2,86.01,2.59,"Gamma","notifications","baja","failed"
17.02,8.17,223,0,93.1,15.74,"Delta","api","media","success"
5.29,4.08,202,1,73.6,30.13,"Gamma","api","alta","success"
9.58,4.55,205,2,61.13,12.06,"Delta","payments","baja","success"
4.94,4.49,222,1,69.92,4.26,"Alpha","payments","alta","success"
4.95,7.08,233,1,62.79,1.79,"Alpha","api","baja","success"
6,3.52,210,1,86.6,73.09,"Alpha","payments","baja","success"
7.92,5.78,196,0,58.02,56.95,"Delta","database","media","success"
10.34,3.96,203,1,90.09,35.88,"Delta","database","crítica","success"
16.79,NA,207,0,74.1,28.74,"Beta","ui","crítica","failed"
12.75,4.97,229,0,90.83,15,"Beta","auth","baja","success"
8.85,3.82,238,0,82.35,4.98,"Gamma","auth","baja","success"
5.12,4.81,236,2,77.74,11.63,"Delta","api","media","success"
7.53,NA,223,6,65.85,20.1,"Beta","api","baja","failed"
22.31,5.86,204,1,44.43,8.38,"Beta","ui","media","success"
11.11,4.25,225,0,80.43,11.8,"Alpha","api","crítica","success"
14.28,5.07,214,0,55.28,2.07,"Alpha","auth","media","success"
12.29,4.04,253,1,71.29,22.53,"Gamma","notifications","baja","success"
7.78,11.56,219,2,93.02,4.59,"Beta","auth","alta","success"
13.49,6.88,220,1,81.27,7.25,"Alpha","api","media","success"
11.76,5.43,233,1,59.79,24.16,"Beta","api","media","success"
12.8,2.25,229,2,70.97,76.54,"Alpha","auth","baja","success"
5.84,10.88,245,0,84.63,8.21,"Delta","payments","baja","success"
8.36,NA,206,0,63.2,NA,"Alpha","api","baja","failed"
18.09,10.84,224,1,61.46,31.92,"Beta","api","baja","success"
6.46,NA,217,0,80.84,NA,"Delta","api","alta","failed"
6.11,5.68,212,0,90.64,5.39,"Beta","notifications","media","success"
12.03,4.29,230,1,80.07,9.3,"Gamma","api","media","success"
14.96,9.46,233,3,87.3,12.71,"Beta","payments","media","success"
18.38,7.61,210,1,84.7,2.85,"Delta","auth","alta","success"
9.99,NA,223,0,68.77,15.11,"Beta","ui","media","failed"
9.3,7.14,239,1,94.03,14.66,"Alpha","ui","baja","success"
4.21,NA,262,1,83.54,26.94,"Beta","api","alta","failed"
6.49,NA,198,1,82.43,NA,"Delta","payments","media","failed"
7.5,6.46,221,1,87.41,21.27,"Delta","auth","media","success"
6.83,NA,232,2,80.64,NA,"Delta","notifications","media","failed"
9.18,6.03,209,1,61.5,14.46,"Delta","api","baja","success"
8.97,NA,227,3,47.62,56.52,"Gamma","payments","baja","failed"
8.69,9.2,188,0,60.56,7.08,"Alpha","auth","baja","success"
9.3,2.38,212,0,78.43,32.45,"Gamma","api","baja","success"
14.47,5.72,239,1,95.95,23.71,"Alpha","auth","baja","success"
13.34,8.71,213,1,78.18,25.76,"Beta","database","media","success"
8.04,13.15,237,2,84.02,47.37,"Alpha","api","media","success"
16.61,NA,221,1,72.32,1.31,"Gamma","api","media","failed"
11.75,4.11,228,2,74.51,35.7,"Gamma","auth","baja","success"
9.95,2.25,227,0,67.59,18.83,"Beta","api","baja","success"
6.8,NA,216,2,83.98,23.48,"Alpha","ui","alta","failed"
13.35,3.34,205,NA,97.24,40.91,"Alpha","payments","alta","rolled_back"
14.65,3.33,196,2,88.24,31.69,"Beta","api","baja","success"
4.98,7.88,212,2,64.29,16.31,"Gamma","api","alta","success"
10.6,3.09,200,3,94.23,26.65,"Delta","api","media","success"
20.21,8.79,217,2,88.93,60.18,"Delta","payments","alta","success"
20.33,8.47,227,2,84.55,9.27,"Beta","api","baja","success"
7.15,NA,236,1,75.75,0.57,"Beta","auth","media","failed"
11.36,NA,233,2,70.5,NA,"Beta","auth","alta","failed"
23.87,7.34,239,NA,82.29,20.17,"Alpha","ui","media","rolled_back"
13.11,4.52,220,1,71.76,2.81,"Delta","auth","alta","success"
13.12,NA,208,0,51.74,7.15,"Gamma","payments","media","failed"
8.94,6.88,244,1,69.86,49.91,"Delta","api","media","success"
5.32,2.13,213,1,89.46,50.62,"Gamma","api","crítica","success"
10.23,10.18,220,0,80.31,34.76,"Alpha","ui","media","success"
7.12,16.11,231,1,83.21,43.91,"Delta","notifications","media","success"
6.07,10.53,240,1,95.05,20.65,"Gamma","ui","baja","success"
7.47,5.66,210,3,89.33,7.7,"Alpha","api","baja","success"
10.15,4.11,227,0,64.97,4.23,"Beta","api","baja","success"
16.08,9.39,212,6,87.9,9.27,"Alpha","api","alta","success"
5.01,NA,216,3,65.56,NA,"Alpha","database","media","failed"
15.12,5.8,207,NA,85.55,14.99,"Delta","notifications","baja","rolled_back"
8.12,7.98,212,0,87.56,48.44,"Gamma","api","media","success"
6.76,5.78,214,0,73.28,44.27,"Beta","ui","baja","success"
7.46,3.24,240,1,45.32,7.53,"Alpha","api","baja","success"
9.77,NA,233,1,88.32,4.81,"Beta","api","media","failed"
14.46,8.23,220,0,77.23,24.87,"Delta","ui","alta","success"
15.47,1.55,224,2,80.39,18.75,"Alpha","ui","media","success"
21.59,2.8,210,1,43.19,19.89,"Gamma","api","crítica","success"
15.76,6.96,211,1,82.18,2.38,"Alpha","api","alta","success"
5.78,1.81,232,3,79.32,9.03,"Delta","notifications","media","success"
13.1,1.28,204,3,68.65,16.97,"Delta","database","alta","success"
11.4,4.71,234,0,92.76,33.6,"Gamma","api","baja","success"
15.75,3.43,227,2,82.64,12.31,"Beta","ui","media","success"
9.7,15.93,243,0,67.74,10.7,"Gamma","auth","crítica","success"
13.72,6.04,225,1,89.38,12.54,"Alpha","auth","media","success"
13.67,5.11,215,2,57.64,7.53,"Beta","ui","alta","success"
28.56,NA,211,0,71.57,NA,"Gamma","api","baja","failed"
13.53,NA,200,3,76.18,NA,"Delta","api","baja","failed"
11.99,3.01,214,2,77.27,44.58,"Gamma","notifications","alta","success"
8.52,5.14,223,0,70.43,1.13,"Beta","api","media","success"
7.33,4.29,215,1,87.56,25.86,"Gamma","notifications","media","success"
6.89,5.26,210,1,74.74,1.28,"Gamma","api","media","success"
8.38,5.96,230,1,69.85,16.38,"Beta","auth","baja","success"
5.41,NA,196,0,86.68,NA,"Alpha","ui","media","failed"
11.84,3.54,253,0,85.89,8.72,"Beta","database","media","success"
14.23,7.41,200,1,80.33,45.37,"Gamma","auth","alta","success"
21.38,3.39,200,1,87.16,19.73,"Gamma","api","media","success"
7.67,7.52,203,1,77.67,21.84,"Beta","database","media","success"
14.26,NA,215,1,81.99,21.15,"Gamma","auth","alta","failed"
6.52,7.78,230,2,91.22,12.09,"Alpha","api","baja","success"
32.88,2.39,233,1,49.61,0.82,"Gamma","ui","media","success"
9.75,2.65,190,1,85.31,45.37,"Delta","api","baja","success"
18.44,6.53,215,3,85.65,2.49,"Beta","api","alta","success"
6.77,6.62,228,1,74.37,44.53,"Gamma","notifications","alta","success"
9.79,4.33,202,3,81.92,86.81,"Delta","ui","alta","success"
17.25,6.01,196,1,79.12,19.56,"Beta","api","media","success"
12.83,2.49,234,1,88.53,30.46,"Gamma","api","alta","success"
11.16,12.66,203,1,81.9,50.69,"Delta","api","media","success"
12.47,11.21,210,0,81.91,18.11,"Delta","api","alta","success"
16.78,6.56,217,0,83.8,26.66,"Gamma","ui","alta","success"
12.84,2.24,211,NA,45.56,NA,"Gamma","ui","crítica","rolled_back"
6.3,NA,206,3,92.28,23.53,"Alpha","notifications","baja","failed"
12.1,6.97,224,1,80.73,11.14,"Alpha","api","media","success"
7.89,6.19,230,0,78.38,44.45,"Beta","ui","baja","success"
9.35,NA,209,2,67.96,24.88,"Beta","api","media","failed"
17.63,2.11,246,1,NA,14.32,"Alpha","auth","media","success"
17.05,2.88,232,2,69.59,88.39,"Beta","auth","media","success"
9.72,1.02,230,1,76.62,30.64,"Gamma","ui","media","success"
11.92,8.41,219,2,56.6,19.07,"Alpha","api","media","success"
11.92,6.49,222,NA,81.24,18.29,"Delta","database","baja","rolled_back"
18.34,11.64,228,2,50.44,4.44,"Gamma","api","baja","success"
13.51,10.08,228,1,79.92,19.61,"Alpha","auth","crítica","success"
17.48,10.12,232,0,57.46,33.11,"Beta","auth","media","success"
6.1,6.47,190,NA,82.59,83.03,"Delta","ui","baja","rolled_back"
11.53,3.26,231,0,68.84,17.04,"Alpha","api","baja","success"
11.46,7.88,202,NA,89.53,NA,"Delta","api","alta","rolled_back"
9.27,NA,215,1,52.03,5.37,"Alpha","ui","baja","failed"
9.06,2.12,221,0,85.87,29.45,"Alpha","api","alta","success"
8.83,NA,227,3,75.2,37.63,"Alpha","auth","baja","failed"
6.67,6.7,221,3,82.7,22.19,"Beta","auth","media","success"
20.31,9.44,231,1,83.44,4.38,"Alpha","api","baja","success"
9.05,4.97,235,0,78.38,98.6,"Beta","auth","crítica","success"
9.83,NA,213,0,84.62,NA,"Delta","auth","baja","failed"
15.09,7.42,217,3,67.4,11.51,"Delta","api","media","success"
17.94,5.52,219,1,96.54,86.58,"Delta","api","baja","success"
21.75,6.63,194,2,71.96,76.31,"Gamma","notifications","baja","success"
22.19,4.59,215,2,87.38,1.17,"Gamma","api","alta","success"
11.56,NA,237,3,85.52,0.64,"Delta","api","media","failed"
9.98,8.69,224,1,82.37,40.19,"Alpha","database","media","success"
5.47,6.87,213,0,77.54,11.35,"Delta","auth","media","success"
11.2,3.03,216,2,71.25,35.55,"Alpha","api","baja","rolled_back"
13.07,8.79,182,1,85.16,4.44,"Alpha","api","media","success"
15.99,2.07,210,0,96.9,53.46,"Alpha","ui","baja","success"
6.18,2.75,213,1,91.03,20.51,"Beta","api","media","success"
10.21,6.12,199,3,70.27,9.02,"Alpha","notifications","media","success"
22.85,1.82,244,0,72.36,85.12,"Beta","api","media","success"
5.65,5.26,240,1,70.37,14.83,"Delta","database","media","success"
9.04,6.48,221,0,80.93,1.42,"Alpha","api","baja","success"
15.4,4.28,194,2,78.19,29.4,"Delta","database","media","success"
11.39,0.92,205,1,71.75,NA,"Beta","auth","baja","rolled_back"
7.24,2.43,200,1,85.75,30.75,"Alpha","api","baja","success"
8.95,4.29,217,1,66,45.42,"Alpha","api","media","success"
14.04,6.45,215,3,57.56,26.4,"Beta","auth","baja","success"
6.27,2.74,238,1,74.81,3.42,"Alpha","database","baja","success"
10.38,5.04,198,0,72.58,4.5,"Gamma","payments","media","success"
11.55,19.61,200,2,91.18,4.69,"Delta","api","crítica","success"
8.09,NA,225,0,30,44.12,"Alpha","notifications","media","failed"
6.83,11.28,226,2,92.03,16.5,"Alpha","auth","baja","success"
32.1,3.29,221,1,84.09,31.8,"Alpha","database","baja","success"
8.51,2.4,216,0,70.16,32.13,"Alpha","auth","alta","success"
12.92,4.35,239,2,63.48,25.73,"Delta","api","media","success"
20.16,NA,210,3,84.2,NA,"Beta","database","alta","failed"
9.53,14.42,236,1,78.82,5.35,"Gamma","notifications","baja","success"
35.42,2.26,227,1,68.46,35.42,"Beta","ui","baja","success"
9.05,4.25,242,3,86.52,25.76,"Gamma","api","media","success"
4.58,3.37,243,3,68.08,34.24,"Gamma","api","alta","success"
8.25,4.84,210,2,76.95,60.84,"Delta","api","crítica","success"
14.06,8.72,215,0,65.14,27.81,"Gamma","ui","media","success"
12.91,3.5,187,0,82.37,7.09,"Beta","notifications","media","success"
12.73,4.27,228,1,81.65,15.41,"Beta","api","media","rolled_back"
14.04,1.29,203,2,86.57,35.9,"Alpha","notifications","alta","rolled_back"
9.87,6.41,217,0,97.23,0.88,"Beta","api","baja","success"
8.25,3.09,225,NA,56.36,4.2,"Gamma","api","alta","rolled_back"
4.44,7.44,204,0,83.12,152.43,"Beta","api","media","success"
8.67,4.54,234,2,93.21,88.02,"Gamma","api","media","success"
16.22,2.8,242,1,54.77,23.26,"Alpha","api","media","success"
4.6,0.78,207,1,NA,3.77,"Gamma","api","alta","success"
9.11,3.4,215,1,75.84,66.79,"Delta","api","alta","success"
11.39,NA,213,1,84.42,58.72,"Delta","ui","crítica","failed"
4.6,1.95,206,0,85.94,NA,"Gamma","ui","media","rolled_back"
12.53,14.75,220,2,64.21,31.64,"Beta","auth","baja","success"
5.22,2.5,222,1,39.76,9.27,"Alpha","auth","media","success"
11.32,5.94,231,1,86.95,33.19,"Delta","database","media","success"
20.39,8.32,205,1,78.66,5.78,"Alpha","payments","media","success"
3,4.47,197,2,42.29,25.76,"Beta","notifications","baja","success"
5.51,1.73,226,2,83.91,2.7,"Gamma","ui","crítica","success"
27.63,NA,190,1,60.3,NA,"Beta","auth","media","failed"
10.04,6.86,205,2,89.97,25.14,"Delta","api","baja","success"
10.44,7.99,198,2,79.19,18.32,"Delta","auth","media","success"
15.61,9.72,205,1,68.93,6,"Delta","auth","baja","success"
6.32,5.23,231,2,77.76,62.6,"Alpha","auth","baja","success"
20.86,3.32,215,1,55.74,44.49,"Gamma","ui","media","success"
9.32,11.11,222,1,61.72,12.12,"Delta","auth","baja","success"
18.96,5.26,211,0,76.66,7.63,"Gamma","api","media","success"
5.59,4.13,219,0,78.63,11.18,"Beta","ui","baja","success"
11.76,3.48,219,1,46.79,24.7,"Delta","auth","alta","success"
6.64,3.02,211,0,NA,0.52,"Gamma","notifications","baja","success"
15.68,7.53,238,1,67.31,19,"Beta","auth","alta","success"
4.95,8.01,224,2,92.53,5.47,"Beta","auth","baja","success"
12.39,4.61,198,1,94.65,9.84,"Delta","ui","media","success"
13.23,6.04,208,2,71.69,14.18,"Alpha","auth","alta","success"
10.31,4.44,232,1,90.43,5.19,"Beta","auth","alta","success"
4.94,5.61,233,3,74.88,8.78,"Delta","api","baja","success"
6.91,3.48,216,0,66.94,NA,"Beta","ui","media","rolled_back"
24.87,5.15,218,2,49.54,1.82,"Gamma","auth","alta","success"
12.16,2.87,206,3,79.47,65.17,"Beta","api","media","success"
9.73,3.3,238,1,80.84,31.88,"Delta","auth","alta","success"
12.42,4.56,215,1,70.19,10.05,"Alpha","ui","media","success"
15.93,4.37,211,2,99.52,11.45,"Beta","notifications","media","success"
16.01,5.97,237,6,80.16,4.21,"Beta","auth","media","success"
14.52,3.55,219,1,88.28,27.39,"Gamma","ui","media","success"
12.29,NA,225,1,64.16,6.12,"Alpha","database","alta","failed"
11.96,7.21,244,0,78.77,34.2,"Alpha","api","media","success"
7.45,NA,216,0,80.56,19.58,"Alpha","payments","baja","failed"
17.46,6.74,250,0,93.17,8.61,"Alpha","ui","media","success"
13.09,1.61,214,2,73.72,22.53,"Alpha","ui","crítica","success"
4.28,3.2,265,1,69.07,27.98,"Delta","ui","alta","success"
7.57,2.38,212,1,79.7,35.58,"Gamma","api","media","success"
5.97,8.06,201,0,89.8,13.46,"Delta","api","baja","success"
10.95,6.42,226,0,81.29,15.75,"Beta","auth","media","success"
24.14,8.25,215,1,68.06,41.13,"Gamma","database","alta","success"
15.14,3.21,215,2,82.78,9.21,"Delta","api","alta","success"
8.53,5.29,227,1,83.16,11.24,"Beta","notifications","alta","success"
9.32,6.98,212,1,88.83,15.76,"Gamma","api","media","success"
6.8,4.11,225,0,77.55,45.65,"Beta","database","media","success"
9.14,6.53,236,1,94.1,25.37,"Gamma","api","baja","success"
11.97,6.56,211,5,77.83,0.81,"Delta","api","media","success"
18.09,8.3,212,2,84.48,29,"Gamma","payments","baja","success"
4.54,4.89,201,2,59.94,0.81,"Delta","ui","media","success"
10.64,6.14,216,1,53.83,64.86,"Delta","auth","baja","success"
12.71,3.56,225,3,84.93,20.49,"Beta","auth","baja","success"
10.39,1.33,213,0,62.76,18.34,"Alpha","api","baja","success"
4.6,3.88,215,0,57.24,44.42,"Gamma","api","media","success"
8.14,2.57,217,1,69.73,31.22,"Gamma","ui","media","success"
6.89,7.29,202,1,89.23,113.29,"Delta","payments","alta","success"
23.16,2.52,227,1,73.51,2.89,"Delta","auth","media","success"
13.05,5.12,214,2,52.56,6.03,"Gamma","api","media","success"
9.71,6.56,211,2,92.34,9.9,"Beta","ui","baja","success"
19.2,13.52,231,4,71.15,9.5,"Gamma","ui","alta","success"
11.06,8.33,215,0,64.75,2.24,"Delta","ui","media","success"
16.28,1.96,199,2,89.09,7.24,"Beta","database","baja","success"
9.9,9.01,196,2,76.45,15.5,"Alpha","auth","media","success"
8.98,2.69,256,0,96.28,6.59,"Alpha","api","alta","success"
15.98,NA,223,1,81.55,NA,"Gamma","auth","media","failed"
10.39,3.25,232,1,92.7,7.13,"Gamma","api","baja","success"
6.17,5.63,210,3,80.36,10.03,"Gamma","api","baja","success"
5.24,4.94,247,1,78.26,0.6,"Beta","notifications","alta","success"
8.38,6.95,235,1,92.66,4.15,"Alpha","api","baja","success"
11.98,3.71,217,3,95.57,45.99,"Delta","notifications","media","success"
6.64,20.22,203,1,94.61,17.23,"Alpha","auth","baja","success"
15.22,2.7,211,0,62.03,13.87,"Alpha","auth","baja","success"
9.76,3.4,227,1,76,44.62,"Alpha","api","media","success"
12.52,7.64,221,0,69.43,20.48,"Gamma","ui","baja","success"
9.03,8.11,219,1,69.32,2.2,"Delta","ui","alta","success"
3.35,8.54,214,1,58.72,1.98,"Beta","notifications","baja","success"
4.63,NA,237,0,81.81,14.97,"Beta","ui","media","failed"
17.51,2.43,220,2,89.38,6.94,"Beta","api","crítica","success"
7.06,10.09,201,3,66.04,21.81,"Delta","notifications","baja","success"
19.27,2.26,234,1,58.69,49.39,"Gamma","api","baja","success"
13.34,3.89,222,0,86.45,13.53,"Beta","payments","baja","success"
16.26,4.92,234,3,54.81,79.18,"Alpha","auth","alta","success"
12.12,8.48,208,2,86.14,115.04,"Delta","ui","media","success"
9.73,1.05,204,0,90.27,NA,"Beta","payments","media","rolled_back"
14.57,3.17,228,1,84.89,30.75,"Gamma","ui","baja","success"
8.17,4.14,216,3,53.69,63.91,"Gamma","api","media","success"
14.98,2.7,216,1,NA,29.31,"Delta","payments","crítica","success"
8.57,2.68,218,1,86.22,9.31,"Alpha","ui","media","success"
7.52,9.21,254,3,79.4,35.65,"Alpha","api","baja","success"
9.01,6.08,196,2,67.51,5.26,"Delta","auth","media","success"
6.33,4.55,221,0,91.94,3.84,"Gamma","ui","baja","success"
9.45,NA,220,1,68.29,NA,"Delta","ui","baja","failed"
9.24,2.86,212,0,68.34,10.95,"Delta","api","alta","success"
18.91,7.28,232,3,51.89,18.37,"Gamma","ui","baja","success"
8.86,12.16,226,0,80.19,22.22,"Delta","api","alta","success"
8.18,5.31,210,2,83.95,3.43,"Alpha","ui","media","success"
17.97,11.23,219,1,97.15,44.6,"Alpha","api","alta","success"
13.27,4.03,197,1,77.31,12.58,"Beta","ui","baja","success"
7.91,10.64,189,0,91.93,22.74,"Gamma","auth","alta","success"
16.79,9.53,216,4,82.68,12.47,"Alpha","api","alta","success"
9,6.76,209,0,84.58,1.96,"Delta","payments","alta","success"
21.45,7.3,200,1,92.03,7.1,"Alpha","api","baja","success"
5.67,9.83,211,2,87.11,12.19,"Alpha","api","media","success"
7.75,5.12,189,1,81.92,85.9,"Beta","api","baja","success"
8.26,4.07,225,2,55.59,4.88,"Beta","notifications","baja","success"
11.18,10.7,218,0,81.16,9.78,"Gamma","ui","media","success"
10.36,7.8,223,1,76.47,49.09,"Alpha","ui","baja","success"
15.34,6.56,214,0,89.91,3.57,"Gamma","auth","baja","success"
14.64,NA,238,1,83.56,24.02,"Gamma","database","media","failed"
10.07,8.96,236,0,90.19,9.35,"Beta","auth","baja","success"
14.68,8.71,228,0,86.24,NA,"Alpha","auth","alta","rolled_back"
9.34,17,204,1,61.94,6.23,"Alpha","auth","media","success"
15.08,7.21,230,3,90.6,6.74,"Beta","api","baja","success"
19.42,1.79,216,NA,63.79,41.55,"Alpha","payments","media","rolled_back"
8.27,8.13,220,3,69.56,17.34,"Beta","auth","crítica","success"
8.7,17.92,225,0,88,8.39,"Alpha","payments","alta","success"
16.05,3.81,221,2,74.56,16.4,"Alpha","auth","media","success"
12.75,2.08,222,1,87.78,7.31,"Delta","ui","media","success"
15.74,3.9,211,0,87.18,34.02,"Alpha","ui","baja","success"
4.37,9.74,204,0,43.26,22.34,"Alpha","api","media","success"
12.01,6.24,226,3,71.74,28.42,"Delta","auth","media","success"
6.3,8.87,230,4,88.3,43.47,"Alpha","auth","baja","success"
15.65,4.66,216,1,95.4,18.87,"Alpha","ui","baja","success"
6.94,11.29,233,0,73.64,13.85,"Beta","api","media","success"
8.73,3.02,208,0,93.7,3.9,"Gamma","payments","alta","success"
9.89,9.02,245,1,75.87,3.36,"Beta","database","media","success"
17.27,NA,215,1,86.26,1.81,"Alpha","auth","baja","failed"
6.49,5.98,225,0,89.71,18.05,"Beta","payments","crítica","success"
10.39,7.65,231,0,92.69,26.07,"Alpha","notifications","media","success"
18.75,NA,240,2,92.63,2.1,"Beta","api","baja","failed"
15.07,NA,222,3,91.52,18.39,"Delta","api","baja","failed"
6.45,NA,237,1,78,NA,"Alpha","auth","media","failed"
7.6,9.63,219,4,72.43,21.02,"Alpha","api","media","success"
13.59,8.37,220,0,81.24,53.48,"Beta","api","media","success"
16.26,3.42,227,1,81.99,28.96,"Delta","database","media","success"
10.78,4.62,205,0,72.03,24.18,"Gamma","notifications","media","success"
20.32,2.49,209,0,39.11,1.62,"Delta","auth","media","success"
15.23,3.4,206,0,83.3,2.62,"Beta","ui","baja","success"
11.26,4.78,208,3,90.5,54.63,"Alpha","ui","media","success"
7.72,12.27,224,3,90.23,114.19,"Gamma","api","media","success"
15.62,2.48,219,1,87.33,17.09,"Beta","ui","crítica","success"
22.26,NA,232,2,84.11,14.14,"Beta","ui","media","failed"
6.57,NA,229,3,77.55,22.29,"Beta","database","alta","failed"
6.84,6.19,238,1,71.63,30.45,"Beta","ui","baja","success"
13.15,NA,231,0,69.87,20.84,"Gamma","auth","baja","failed"
18.15,1.28,211,1,68.92,5.3,"Alpha","notifications","alta","success"
10.75,NA,211,0,65.7,9.2,"Gamma","ui","crítica","failed"
6.56,NA,227,0,57.27,NA,"Gamma","ui","alta","failed"
3.02,6.71,203,2,69.72,NA,"Alpha","notifications","media","rolled_back"
4.81,11.22,188,2,85.49,17.91,"Beta","database","media","success"
14.55,1.87,214,2,61.85,35.83,"Beta","auth","alta","success"
3.29,11,186,1,73.6,27.85,"Alpha","ui","media","success"
11.82,5.38,203,1,84.72,19.03,"Beta","notifications","baja","rolled_back"
13.13,6.77,224,1,64.98,5.94,"Delta","database","baja","success"
16.34,8.13,230,1,80.92,0.58,"Gamma","payments","alta","success"
6.98,4.17,202,1,81.89,7.06,"Delta","api","baja","success"
6.66,10.49,239,1,87.56,23.04,"Gamma","ui","alta","success"
12.48,12.29,230,4,65.18,3.3,"Delta","payments","baja","success"
10.35,9.44,219,1,80.48,17.12,"Delta","ui","baja","success"
11.14,11.18,205,0,80.2,21.45,"Beta","ui","media","success"
5.19,7.91,236,1,76.19,18.9,"Gamma","ui","alta","rolled_back"
12.17,1.89,220,1,92.42,3.02,"Delta","ui","alta","success"
2.64,7.23,237,0,95.43,11.01,"Alpha","api","baja","success"
9.18,6.66,220,1,70.51,11.99,"Alpha","notifications","baja","success"
10.71,2.88,215,1,76.61,123.8,"Alpha","payments","media","success"
8.17,NA,212,2,92.89,11.82,"Gamma","payments","media","failed"
4.13,2.7,213,3,79.89,59.72,"Beta","api","media","success"
11.74,5.63,221,2,80.47,15.4,"Beta","api","baja","success"
8.52,13.52,233,1,77.4,1.71,"Gamma","auth","crítica","success"
9.68,3.78,229,0,64.89,1.31,"Gamma","ui","media","success"
12.61,1.91,230,1,79.96,7.46,"Gamma","auth","media","success"
13.58,NA,218,1,65.26,132.19,"Delta","api","alta","failed"
12.69,1.96,251,1,73.85,39.49,"Gamma","payments","alta","success"
7.58,10.59,220,5,81.35,24.02,"Gamma","ui","baja","success"
7.46,15.2,250,2,61.92,20.42,"Delta","api","baja","success"
12.11,5.26,209,2,75.9,21,"Delta","api","media","success"
8.77,6.05,223,2,60.39,7.41,"Delta","payments","media","success"
8.22,6.14,212,1,90.05,18.6,"Gamma","auth","baja","rolled_back"
8.18,5.2,231,2,88.63,2.42,"Beta","database","media","success"
4.82,4.68,241,1,NA,4.91,"Gamma","notifications","baja","success"
9.92,3.56,200,1,60.99,19.3,"Alpha","api","baja","success"
16.25,8.51,196,0,92.64,9.72,"Delta","ui","baja","success"
23.89,6.59,228,1,75.72,25.02,"Alpha","payments","alta","success"
11.36,2.65,234,3,71.9,32.08,"Delta","payments","alta","success"
11.5,8,205,0,81.44,8.94,"Delta","database","media","success"
20.24,7.59,212,1,70.13,8.67,"Gamma","ui","media","success"
20.45,2.84,222,0,87.81,1.69,"Delta","auth","media","success"
13.12,6.33,220,0,79.18,78.31,"Beta","ui","baja","success"
13.09,2.72,233,1,90.19,53.13,"Beta","auth","baja","success"
6.85,7.3,238,1,67.49,2.46,"Alpha","api","media","success"
13.48,6.27,227,5,55.19,NA,"Delta","auth","media","rolled_back"
5.41,11.55,208,0,53,85.12,"Gamma","ui","media","success"
8.81,NA,215,2,78.25,7.13,"Alpha","ui","crítica","failed"
16.93,7.28,233,0,93.39,63.48,"Alpha","database","baja","success"
14.51,3.89,214,0,76.43,23.12,"Beta","api","alta","success"
5.88,8.88,230,2,76.11,90.06,"Beta","api","media","success"
13.3,11.22,229,2,90.76,23.66,"Gamma","auth","media","success"
14.67,8.52,228,0,81.11,16.56,"Alpha","api","media","success"
13.55,9.6,198,3,75.57,13.55,"Beta","ui","media","success"
17.41,3.06,219,0,80.15,4.81,"Delta","notifications","baja","success"
14.48,11.61,214,0,74.9,8.79,"Gamma","api","alta","success"
4.16,5.98,209,0,81.93,16.59,"Gamma","ui","alta","success"
4.9,NA,220,2,72.17,NA,"Delta","api","media","failed"
8.01,8.26,189,0,64.33,0.62,"Delta","ui","alta","success"
6.9,NA,232,3,63.46,14.52,"Gamma","database","media","failed"
10.4,3.08,241,0,72.11,40.66,"Gamma","api","media","success"
19.84,6.47,231,1,71.32,68.52,"Alpha","auth","media","success"
13.54,7.44,221,2,97.7,21.52,"Gamma","ui","alta","success"
12.83,2.44,201,NA,58.44,22.99,"Alpha","ui","alta","rolled_back"
18.25,NA,237,0,93.57,NA,"Delta","payments","media","failed"
6.41,4.52,228,3,78.31,29.67,"Gamma","api","baja","success"
19.69,4.79,226,1,77.69,35.1,"Alpha","ui","alta","success"
9.6,4.93,232,0,81.79,16.77,"Delta","api","baja","success"
12.93,6.92,198,1,85.86,43.66,"Alpha","database","media","success"
17.95,6.66,232,0,NA,19.36,"Alpha","ui","crítica","success"
5.7,3.04,237,2,85.31,1.25,"Delta","payments","baja","success"
8.62,NA,208,4,78.8,19.65,"Gamma","ui","alta","failed"
10.82,8.59,224,2,79.24,2.82,"Beta","api","baja","success"
7.28,NA,225,1,84.11,20.39,"Alpha","auth","media","failed"
11.45,4.87,235,2,57.05,43.79,"Alpha","api","baja","success"
9.63,6.27,200,0,76.42,0.78,"Gamma","api","media","success"
7.6,6.65,211,0,81.93,17.36,"Delta","api","alta","success"
11.43,4.74,234,0,75.2,41.34,"Delta","notifications","baja","success"
10.32,2.69,188,3,80.73,11.06,"Beta","api","baja","success"
20.58,5.56,205,2,68.66,10.4,"Gamma","database","media","success"
6.27,3.49,231,3,83.28,17.93,"Beta","api","media","success"
7.73,7.49,229,3,96.61,5.91,"Delta","ui","baja","success"
7.41,NA,238,2,42.66,NA,"Delta","api","baja","failed"
8.17,4.54,226,1,69.88,85.15,"Delta","api","baja","success"
13.62,5.36,233,2,88.7,19.65,"Alpha","api","baja","success"
13.97,6.32,270,3,58.8,3.74,"Beta","auth","baja","success"
11.4,2.41,231,2,82.92,31.46,"Beta","api","baja","success"
12.06,7.41,257,1,85.24,41.45,"Beta","api","alta","success"
10.09,16.51,216,0,56.16,3.15,"Alpha","api","crítica","success"
8.06,NA,216,1,53.24,104.7,"Alpha","auth","alta","failed"
12.37,3.63,235,2,82.95,86.11,"Alpha","database","media","success"
22.29,4.92,211,0,83.88,112.55,"Gamma","database","baja","success"
9.11,3.05,200,3,64.42,4.03,"Beta","api","baja","success"
5.48,NA,216,1,89.28,20.09,"Delta","database","media","failed"
11.66,13.05,210,0,96.19,2.4,"Alpha","api","alta","success"
14.09,7.19,232,2,67.78,22.4,"Gamma","database","baja","success"
10.75,8.28,207,NA,79.99,NA,"Alpha","payments","media","rolled_back"
12.26,6.81,218,0,83.25,44.92,"Delta","ui","baja","success"
11.72,9.12,206,4,67.72,37.94,"Beta","notifications","media","success"
14.8,NA,212,0,80.11,4.17,"Beta","auth","media","failed"
21.4,10.96,208,0,88.05,28.15,"Delta","api","media","success"
16.77,7.54,210,0,77.1,35.45,"Gamma","auth","baja","success"
12.74,5.25,208,3,89.94,9.94,"Delta","api","baja","success"
11.85,4.85,213,1,66.06,1.43,"Alpha","payments","media","success"
6.07,2.48,234,1,72.05,6.94,"Alpha","notifications","baja","success"
11.04,4.47,221,0,73.55,43.06,"Beta","api","alta","success"
8.3,NA,236,3,85.85,91.39,"Gamma","ui","media","failed"
22.57,3.22,221,0,61.48,21.19,"Alpha","api","baja","success"
8.06,5.43,203,3,76.68,15.93,"Gamma","database","media","success"
13.19,3.47,199,NA,67.3,4.82,"Gamma","ui","baja","rolled_back"
18.77,3.32,239,1,70.7,23.2,"Delta","api","alta","success"
9.44,11.83,238,0,77.58,37.82,"Alpha","auth","media","success"
14.9,13.41,223,1,90.94,3,"Beta","ui","baja","success"
21.08,5.58,219,3,78.86,3.87,"Gamma","api","baja","rolled_back"
11.1,4.43,206,1,53.17,27.27,"Beta","notifications","crítica","success"
6.7,1.86,209,0,83.12,18.11,"Beta","api","alta","success"
6.51,9.14,221,1,58.64,4.85,"Alpha","auth","baja","success"
7.15,6.55,211,0,90.49,3.93,"Beta","api","media","success"
21.2,5.79,191,1,90.75,38.25,"Alpha","ui","baja","success"
12.32,10.03,235,0,88.12,2.29,"Beta","ui","media","success"
8.66,3.88,213,1,48.57,12.29,"Gamma","api","baja","success"
5.87,4.08,199,1,84.29,35.42,"Alpha","api","media","success"
14,8.44,226,5,69.05,0.87,"Delta","api","alta","success"
13.02,4.19,214,0,75.67,4.18,"Gamma","ui","media","success"
10.37,NA,223,1,92.16,49.47,"Gamma","ui","alta","failed"
13.87,3.88,196,0,88.09,58.42,"Beta","api","baja","success"
15.54,4.48,233,2,46.62,NA,"Beta","ui","media","rolled_back"
20.84,5.68,220,2,83.2,24.84,"Delta","ui","media","success"
4.56,5.98,200,3,51.77,7.1,"Gamma","api","crítica","success"
9.63,2.04,212,1,75.69,30.24,"Beta","auth","media","success"
4.91,NA,208,0,88.4,22.27,"Beta","payments","media","failed"
20.22,5.24,221,2,79.11,32.77,"Alpha","api","baja","success"
6.43,NA,198,1,59.01,62.59,"Alpha","api","baja","failed"
6.43,4.41,208,1,89.32,84.55,"Beta","database","media","success"
6.1,3.42,225,1,82.7,28.17,"Gamma","auth","media","success"
3.99,2.46,212,1,35.75,19.44,"Beta","auth","media","success"
6.89,3.33,232,0,77.82,11.37,"Alpha","payments","alta","success"
9.59,5.95,219,2,68.55,42.28,"Alpha","api","media","success"
15.66,6.12,210,3,79.42,16.09,"Alpha","ui","alta","success"
7.71,7.22,227,1,86.03,45.78,"Alpha","api","media","success"
14.84,3.52,214,0,72.26,19.96,"Alpha","api","alta","success"
13.18,13.81,226,2,58.3,68.3,"Alpha","ui","media","success"
13.42,8.74,217,1,91.16,54.38,"Beta","payments","crítica","success"
11.49,2.67,208,1,82.46,4.28,"Alpha","auth","crítica","success"
13.11,3.3,195,0,77.61,36.11,"Beta","ui","baja","success"
7.99,8.24,215,1,66.25,32.92,"Alpha","auth","crítica","success"
9.96,5.26,196,NA,72.05,NA,"Alpha","api","media","rolled_back"
10.89,1.89,217,0,88.59,9.67,"Alpha","api","baja","success"
15.66,12.53,192,1,84.47,17.74,"Alpha","api","baja","success"
6.44,7.64,219,0,78.9,53.13,"Delta","notifications","media","success"
18.38,3.22,214,3,71.11,32.51,"Gamma","ui","alta","success"
10.2,8.58,218,0,96.38,8.48,"Alpha","auth","alta","success"
8.72,4.08,210,2,87.24,0.76,"Delta","auth","media","success"
10.85,4.68,209,0,79.33,20.82,"Beta","database","baja","success"
9.7,5.37,244,2,88.91,144.71,"Delta","ui","media","success"
9.39,9.56,224,0,98.36,1.95,"Gamma","api","media","success"
12.88,5.13,205,0,51.65,34.61,"Alpha","database","media","success"
8.11,4.43,238,NA,86.91,NA,"Beta","auth","baja","rolled_back"
11.56,NA,215,1,91.73,5.98,"Beta","ui","alta","failed"
15.09,1.28,247,1,84.76,9.84,"Gamma","ui","baja","success"
18.96,4.87,247,4,94.22,0.84,"Gamma","ui","alta","success"
16.36,4.94,202,1,92.25,2.63,"Delta","auth","media","success"
8.39,5.67,233,1,82.77,4.26,"Gamma","auth","baja","success"
11.04,3.8,250,4,64.53,44.23,"Delta","payments","alta","success"
15.4,3.79,249,1,94.4,10.6,"Delta","api","media","success"
16.5,5.93,221,1,77.82,9.13,"Delta","api","baja","success"
19.81,2.83,204,1,83.75,27.86,"Beta","auth","baja","success"
6.67,7.35,248,0,65.94,95.53,"Beta","auth","baja","success"
17.56,8.51,219,1,62.74,1.94,"Beta","ui","baja","success"
7.94,5.71,208,1,75.24,14.88,"Gamma","ui","baja","success"
8.16,2.45,210,0,88.1,3.7,"Gamma","auth","baja","success"
13.73,2.49,233,1,76.64,5.22,"Beta","auth","baja","success"
9.22,4.73,192,2,83.67,2.83,"Alpha","payments","baja","success"
9.09,2.69,212,0,93.6,10.05,"Delta","database","baja","success"
8.66,12.29,208,0,98.37,26.09,"Alpha","auth","media","success"
10.11,4.72,224,1,72.27,44.63,"Alpha","api","alta","success"
10.67,3.59,226,2,76.11,27.18,"Delta","api","baja","success"
9.77,4.41,217,1,74.03,18.54,"Alpha","auth","media","success"
9.04,1.11,219,1,69.54,37.46,"Alpha","notifications","baja","success"
19.75,NA,222,0,93.62,13.3,"Alpha","auth","baja","failed"
14.33,2.3,205,3,87.98,21.26,"Alpha","api","baja","success"
14.72,2.46,217,3,74.07,46.31,"Alpha","ui","baja","success"
24.15,NA,217,1,70.45,14.48,"Alpha","api","media","failed"
14.64,6.35,228,1,73.31,32.61,"Delta","ui","baja","success"
9.25,7.93,240,2,83.58,19.22,"Gamma","api","media","success"
10.55,8.76,217,2,96.01,27.26,"Gamma","ui","media","success"
5.29,5.29,216,1,89.66,22.02,"Delta","ui","alta","success"
10.51,3.04,223,NA,71.97,NA,"Gamma","ui","alta","rolled_back"
14.9,11.4,236,1,92.01,39.42,"Alpha","api","baja","success"
11.6,2.3,227,1,51.29,25,"Alpha","ui","baja","success"
6.68,NA,218,1,81.06,0.66,"Beta","api","media","failed"
20.71,3.89,226,0,NA,14.58,"Gamma","api","media","success"
18.24,NA,199,2,96.66,NA,"Alpha","api","baja","failed"
5.21,5.8,222,1,77.81,12.64,"Delta","auth","baja","success"
16.99,7.46,230,0,82.76,0.65,"Beta","api","media","success"
21.83,2.73,223,1,66.48,7.7,"Delta","api","baja","success"
14.79,5.24,236,1,65.66,91.26,"Gamma","ui","media","rolled_back"
12.05,4.24,225,0,88.34,3.53,"Beta","database","baja","success"
18.29,1.09,221,1,83.43,46.76,"Beta","api","media","rolled_back"
9.28,2.31,241,0,93.32,35.51,"Delta","api","media","success"
18.34,2.63,240,0,74.17,26,"Gamma","api","alta","success"
9.35,NA,240,1,53.8,12.31,"Gamma","ui","media","failed"
10.01,1.5,225,0,71.44,14,"Alpha","auth","baja","success"
14.89,3.81,194,2,47.9,3.94,"Delta","auth","crítica","success"
9.75,8.58,231,1,89.13,7.07,"Gamma","database","media","success"
10.17,NA,218,3,71.97,15.75,"Delta","database","media","failed"
14.01,NA,227,2,82.22,47.81,"Beta","auth","baja","failed"
5.69,4.91,226,0,89.63,6.34,"Gamma","ui","media","success"
6.74,15.02,233,2,84.5,10.52,"Gamma","ui","media","success"
4.13,1.72,191,0,84.64,3.03,"Beta","api","media","success"
17.32,5.07,195,0,63.1,22.97,"Gamma","ui","crítica","success"
10.48,9.46,264,1,91.49,0.84,"Alpha","database","baja","success"
2.89,5.29,224,2,87.69,45.34,"Beta","api","media","success"
6.23,4.65,239,0,91.6,3.42,"Gamma","auth","baja","success"
10.69,4.18,205,1,87.8,6.68,"Gamma","api","media","success"
10.48,14.93,220,0,35.2,4.18,"Alpha","database","crítica","success"
8.09,3.29,227,1,65.26,48.38,"Gamma","api","media","success"
7.77,2.76,215,2,70.59,13.55,"Gamma","database","crítica","success"
11.59,3.53,207,1,63.04,31.09,"Alpha","api","baja","success"
12.58,NA,241,1,84.73,NA,"Delta","auth","crítica","failed"
8.91,9.75,247,1,87.12,15.24,"Beta","database","alta","success"
6.53,4.69,228,1,76.48,9.57,"Gamma","notifications","baja","success"
8.25,3.12,206,1,83.61,17.25,"Gamma","auth","media","success"
21.36,NA,242,2,74.89,NA,"Alpha","api","crítica","failed"
9.9,4.44,221,2,54.27,82.91,"Alpha","payments","baja","success"
13.16,4.61,208,0,94.75,40.16,"Alpha","ui","alta","success"
9.68,NA,226,1,82.13,7.27,"Gamma","database","media","failed"
13.14,NA,242,2,73.38,37.95,"Beta","api","media","failed"
6.62,7.19,230,2,71.85,12.77,"Beta","api","crítica","success"
18,NA,232,2,78.64,5.66,"Gamma","payments","baja","failed"
14.4,2.32,220,2,91.32,11.36,"Beta","auth","media","success"
6.04,3.43,197,3,57.43,1.13,"Delta","ui","media","success"
6.75,3.95,237,2,86.66,26.58,"Alpha","api","alta","success"
20.82,7.88,227,NA,79.32,16.42,"Beta","database","baja","rolled_back"
6.81,4.42,195,2,56.93,17.25,"Alpha","ui","alta","success"
14.96,5.14,218,2,96.08,3.31,"Gamma","auth","baja","success"
7.1,1.82,239,0,70.34,89.74,"Delta","api","alta","success"
13.82,1.27,247,1,85.45,23.18,"Alpha","api","alta","success"
17.25,3.8,229,2,88.35,8.3,"Gamma","api","baja","success"
5.79,2.11,228,3,68.83,42.47,"Beta","api","baja","success"
15.03,NA,184,0,74.05,68.06,"Alpha","ui","media","failed"
12.53,2.66,233,1,93.59,0.63,"Beta","ui","media","success"
9.57,NA,241,1,74.54,NA,"Alpha","api","baja","failed"
10.52,5.58,196,0,70.14,8.12,"Alpha","api","alta","success"
19.91,3.37,203,0,81.19,24.06,"Beta","database","media","success"
6.88,6.51,221,1,92.03,14.94,"Beta","database","media","success"
11.8,7.98,213,0,82.57,5.11,"Gamma","database","alta","success"
16.23,3.17,209,0,83.33,15.82,"Beta","notifications","media","success"
8.5,5.67,222,1,87.14,24.4,"Gamma","api","media","success"
5.5,9.1,211,NA,53.17,13.62,"Delta","auth","media","rolled_back"
11.17,9.22,214,3,81.92,6.24,"Delta","database","baja","success"
9.08,4.61,198,2,76.98,58.24,"Alpha","ui","media","success"
23.45,8.81,217,NA,66.8,29.86,"Beta","api","baja","rolled_back"
10.93,9.21,213,3,50.82,19.54,"Alpha","notifications","crítica","success"
10.9,3.76,207,1,92.97,57.33,"Alpha","api","alta","success"
4.94,NA,225,0,77.27,19.67,"Delta","api","media","failed"
7.67,3.88,198,1,85.04,28.83,"Beta","ui","media","success"
15.59,5.54,192,1,80.24,23.17,"Alpha","ui","baja","success"
5.04,NA,194,2,88.29,6.88,"Beta","api","media","failed"
6.53,12.63,175,0,70.55,104.46,"Delta","auth","crítica","success"
9.83,9.2,262,1,84.62,21.69,"Beta","payments","media","success"
7.11,5.03,224,1,53.45,2.43,"Delta","api","media","success"
12.4,11.21,233,0,41.38,30,"Beta","auth","baja","success"
7.81,11.94,220,2,68.27,8.48,"Beta","ui","media","success"
11.79,11.7,238,2,40.09,5.59,"Alpha","ui","media","success"
8.78,11.99,196,1,85.36,55.64,"Beta","api","alta","success"
10.21,10.01,232,1,74.14,20.73,"Alpha","database","media","success"
10.79,8.59,251,2,84.31,4.37,"Gamma","notifications","crítica","success"
23.22,3.79,209,2,75.93,41.71,"Alpha","ui","media","success"
6.95,4.24,213,3,83.96,5.78,"Delta","auth","media","success"
7.26,2.79,217,2,88.44,5.93,"Gamma","auth","media","success"
7.51,7.93,199,1,92.26,108.78,"Beta","database","media","success"
16.79,9.96,212,2,66.24,3.57,"Beta","ui","alta","success"
14.79,NA,213,0,87.5,4.99,"Delta","api","media","failed"
22.6,3.61,213,0,90.7,19,"Beta","ui","alta","success"
14.84,15.66,209,1,86.29,6.88,"Gamma","ui","media","success"
8.55,3.49,234,0,87.47,5.42,"Beta","database","baja","rolled_back"
5.41,4.65,219,4,51.12,68.39,"Gamma","database","media","success"
14,NA,217,0,64.69,5.63,"Delta","auth","baja","failed"
14.28,6.33,243,0,94.68,31,"Beta","api","media","success"
11.42,3.87,207,1,71.41,107.16,"Gamma","auth","alta","success"
7.37,5.24,193,0,85.02,12.76,"Alpha","api","baja","success"
20.42,6,222,2,80.04,1.81,"Alpha","ui","alta","success"
9.11,4.91,230,4,79.13,18.43,"Delta","auth","baja","success"
16.05,5.64,202,0,51.67,49.9,"Delta","ui","crítica","success"
13.58,3.28,227,2,71.48,27.1,"Gamma","api","baja","success"
16.55,6.82,209,1,83.46,37.04,"Beta","auth","baja","success"
17.98,7.32,230,1,80.19,5.04,"Beta","auth","baja","success"
11.94,NA,236,4,81.85,88.14,"Alpha","api","alta","failed"
20.07,3.07,195,1,80.82,11.76,"Delta","api","baja","success"
9.74,2.39,193,2,73.49,9.08,"Beta","ui","alta","success"
12.07,5.26,188,0,73.74,20.32,"Alpha","api","media","success"
21.03,7.87,229,1,89.84,41.87,"Alpha","ui","media","success"
8.07,NA,213,2,77.46,NA,"Alpha","ui","media","failed"
9.95,NA,208,3,NA,73.41,"Beta","payments","media","failed"
6.57,4.19,213,0,87.75,33.22,"Gamma","auth","baja","success"
13.94,2.86,229,0,77.79,123.95,"Delta","api","media","success"
11.61,6.02,244,1,76.62,49.27,"Delta","database","alta","success"
9.55,3.45,234,0,64.72,5.18,"Alpha","api","baja","success"
18.47,13.46,231,0,92.22,13.29,"Beta","auth","baja","success"
13.57,7.11,186,1,89.95,6.53,"Gamma","notifications","baja","success"
20.17,4.86,218,NA,59.46,28.84,"Alpha","ui","baja","rolled_back"
6.7,6.74,213,1,60.59,0.93,"Beta","payments","crítica","success"
3.84,9.3,197,0,68.9,69.82,"Alpha","api","media","success"
22.11,9.84,207,0,75.83,22.56,"Beta","ui","alta","success"
15.11,NA,222,1,77.48,NA,"Beta","database","baja","failed"
5.99,6.17,231,2,82.08,15.09,"Delta","api","alta","success"
4.98,13.97,228,1,NA,2.36,"Beta","ui","media","success"
6.42,7.85,221,0,80.13,1.2,"Beta","ui","baja","success"
10.69,8.63,206,NA,93.87,19.62,"Gamma","payments","baja","rolled_back"
9.94,3.16,211,3,82.33,1.81,"Beta","database","alta","success"
13.9,5.28,196,1,84.37,3.71,"Alpha","ui","media","success"
15.35,2.45,224,2,65.6,17.26,"Beta","notifications","baja","success"
21.44,4.29,208,5,89.97,3.46,"Beta","ui","alta","success"
11.88,5.16,217,1,81.27,6.33,"Alpha","ui","baja","success"
18.91,3.43,202,0,87.99,2.31,"Beta","notifications","alta","success"
7.56,4.15,236,3,64.16,36.38,"Gamma","auth","media","success"
8.01,3.23,233,3,66.8,9.39,"Gamma","auth","baja","success"
11.74,2.39,220,2,81.36,2.16,"Delta","database","media","success"
9.18,7.03,185,1,62.55,24.58,"Alpha","auth","media","success"
9.45,4.05,217,1,54.59,7.23,"Beta","auth","baja","success"
33.11,12.17,196,3,64,9.03,"Beta","payments","media","success"
10.89,4.92,220,1,55.33,1.95,"Beta","ui","alta","success"
12.79,10.31,245,1,91.3,17.27,"Delta","ui","baja","success"
14.07,NA,224,2,69.23,20.86,"Gamma","api","media","failed"
4.36,6.81,232,2,71.59,26.89,"Delta","auth","media","success"
10.77,8.86,217,0,94.89,22.19,"Beta","database","media","success"
15.91,6.66,240,1,93.79,21.39,"Beta","ui","baja","success"
12.23,4.2,227,NA,24.7,7.1,"Beta","auth","baja","rolled_back"
9.87,3.36,197,2,82.7,21.4,"Delta","ui","media","success"
8.27,3.89,216,1,90.12,28.46,"Delta","notifications","alta","success"
10.02,6.1,207,2,93.54,28.37,"Alpha","auth","alta","rolled_back"
4.37,11.48,221,2,69.81,4.06,"Beta","database","media","success"
11.73,3.76,223,NA,49.38,34.43,"Gamma","auth","baja","rolled_back"
15.24,3.43,216,NA,67.93,21.82,"Gamma","database","crítica","rolled_back"
6.66,2.99,191,0,81.52,9.27,"Gamma","ui","baja","success"
8.75,4.46,230,2,65.92,7.12,"Alpha","api","baja","success"
17.73,1.84,236,2,76.69,2.34,"Gamma","api","alta","success"
10.73,14.07,225,1,91.34,4.4,"Alpha","notifications","baja","success"
10.3,1.53,248,1,79.74,15.29,"Alpha","auth","media","success"
5.24,2.39,232,0,67,27.71,"Alpha","api","baja","success"
9.04,7.49,203,3,90.42,11.48,"Beta","ui","crítica","success"
10.65,12.14,207,1,74.75,18.3,"Alpha","api","media","success"
11.35,6.58,215,0,85,8.26,"Beta","auth","baja","success"
9.41,4.39,252,1,84.95,5.96,"Alpha","api","media","success"
16.14,3.05,227,0,40.14,1.93,"Delta","api","media","success"
18.42,11.2,201,2,89.29,34,"Delta","ui","baja","success"
23.45,3.3,207,1,63.41,24.97,"Gamma","notifications","baja","success"
5.78,4.47,232,2,63.3,15.18,"Beta","api","alta","success"
12.97,10.29,241,1,88.21,1.7,"Delta","ui","crítica","success"
5.67,8.62,224,0,72.71,16.23,"Alpha","api","baja","success"
6.65,3.25,222,1,76.26,48.2,"Beta","database","crítica","success"
12.71,8.39,221,1,79.63,24.82,"Gamma","notifications","media","success"
11.89,8.61,215,1,74.01,13.4,"Gamma","ui","crítica","success"
10.62,4.57,223,NA,83.21,NA,"Beta","database","baja","rolled_back"
12.83,5.52,243,0,67.93,13.01,"Gamma","api","media","success"
16.49,4.58,223,1,89.4,44.56,"Beta","api","baja","success"
10.79,6.82,220,1,88.12,23.21,"Gamma","payments","media","success"
12.43,3.68,206,1,79.89,57.05,"Alpha","notifications","media","success"
11.33,8.26,201,NA,88.91,0.91,"Delta","api","media","rolled_back"
17.38,3.55,201,5,81.45,18.37,"Delta","database","baja","success"
18.08,4.84,222,2,98.56,17.41,"Beta","api","baja","success"
7.29,11.87,218,0,90.66,4.08,"Gamma","notifications","crítica","success"
10.17,9.11,200,1,67.17,4.57,"Alpha","auth","baja","success"
9.32,NA,198,1,80.57,NA,"Beta","payments","baja","failed"
12.78,NA,223,2,89.16,5.64,"Alpha","ui","media","failed"
18.05,3.67,216,0,84.65,26,"Alpha","auth","baja","success"
7.64,10.59,210,1,95.08,4.45,"Alpha","payments","media","success"
5.27,10.61,219,1,79.44,17.97,"Beta","api","media","success"
8.24,NA,211,2,81.89,NA,"Delta","payments","media","failed"
12.87,12.4,226,1,66.12,39.15,"Beta","notifications","alta","success"
7.78,4.86,228,2,81.35,116.46,"Delta","auth","media","success"
7.26,7.61,235,3,75.34,23.99,"Beta","api","baja","success"
10.71,1.5,228,0,71.56,32.86,"Alpha","auth","baja","success"
12.18,2.87,212,0,79.06,36.7,"Gamma","payments","media","success"
15.09,8.04,218,1,55.03,2.59,"Beta","api","media","success"
14.11,1.23,223,1,83.98,2.6,"Gamma","api","baja","success"
19.23,NA,185,2,79.92,54.39,"Alpha","ui","alta","failed"
11.6,6.8,231,0,62.14,14.93,"Alpha","api","baja","success"
4.88,2.97,220,1,NA,17.71,"Beta","database","baja","success"
11.02,2.91,207,2,72.95,18.6,"Alpha","auth","baja","success"
16.46,15.25,217,2,65.16,26.52,"Delta","ui","baja","success"
11.96,NA,224,1,79.88,9.07,"Delta","api","media","failed"
9.06,6.62,225,1,83.67,2.01,"Alpha","ui","media","rolled_back"
9.51,5.1,238,2,89.11,3.73,"Alpha","database","media","success"
6.22,6.86,249,3,69.36,17.44,"Beta","api","media","success"
8.5,5.61,216,1,92.5,20.92,"Alpha","database","media","success"
9.01,NA,217,1,68.01,NA,"Delta","database","baja","failed"
9.71,3.72,243,4,69.87,23.2,"Alpha","ui","media","success"
8.85,6.24,234,0,71.77,5.55,"Delta","api","baja","rolled_back"
3.45,10.01,230,2,90.39,22.47,"Alpha","ui","media","success"
14.58,2.76,195,1,54.27,18.76,"Beta","ui","media","success"
9.89,8.58,209,1,73.17,27.36,"Beta","auth","media","success"
21.35,3.12,223,2,80.24,18,"Beta","api","crítica","success"
10.76,NA,215,0,70.94,17.39,"Delta","auth","alta","failed"
17.71,NA,207,1,54.33,NA,"Alpha","database","media","failed"
16.47,6.11,210,1,74.52,49.64,"Alpha","notifications","media","success"
12.25,3.47,238,0,56.2,3.1,"Alpha","api","baja","success"
7.17,8.31,211,1,88.61,13.97,"Beta","auth","media","success"
17.69,1.26,215,4,82.2,71.32,"Beta","payments","baja","success"
8.41,9.56,235,7,79.81,35.5,"Beta","api","crítica","success"
11.8,4.22,210,0,74.45,12.68,"Gamma","ui","baja","success"
21.65,3.04,248,1,71.6,11.01,"Delta","api","media","success"
17.44,2.45,232,1,77.34,15.85,"Gamma","auth","media","success"
4.67,4.01,201,0,62.76,1.23,"Gamma","api","baja","success"
7.06,3.25,231,1,75.26,0.66,"Delta","auth","media","success"
14.43,7.93,222,0,60.56,16.67,"Gamma","auth","crítica","success"
13.35,NA,223,1,83.11,NA,"Alpha","ui","baja","failed"
12.01,7.35,229,1,74.68,6.09,"Gamma","ui","media","success"
7.33,NA,216,2,61.78,NA,"Alpha","ui","media","failed"
19.94,3.98,220,NA,66.21,17.79,"Alpha","database","media","rolled_back"
7.59,NA,212,1,92.12,17.28,"Delta","api","crítica","failed"
10.52,5.59,225,NA,76.26,27.12,"Alpha","auth","media","rolled_back"
9.62,5.65,203,0,85.58,10.73,"Gamma","database","crítica","success"
6.73,9.58,211,0,NA,95.31,"Alpha","api","media","success"
12.29,9.83,214,2,77.03,35.55,"Gamma","ui","media","success"
9.82,3.44,210,2,78.5,5.34,"Beta","api","media","success"
12.1,6.55,234,2,85.01,15.78,"Gamma","ui","baja","success"
6.16,5.6,210,2,89.62,16.65,"Gamma","auth","alta","success"
19.22,6.84,215,0,91.93,44.55,"Alpha","api","alta","success"
13.65,7.5,206,1,84.72,16.28,"Alpha","auth","baja","success"
5.07,3.73,218,1,61.87,12.59,"Alpha","api","media","success"
13.93,6.01,219,1,83.15,4.83,"Alpha","api","media","success"
8.99,10.9,223,5,73.94,1.71,"Beta","notifications","media","success"
8.99,9.35,231,3,90.81,NA,"Gamma","api","baja","rolled_back"
8.37,16.85,224,0,85.54,73.67,"Gamma","api","baja","success"
9.08,12.1,232,0,78.57,5.07,"Alpha","api","alta","success"
11.26,1.86,221,3,90.31,5.79,"Alpha","auth","baja","success"
8.22,3.97,222,1,66.93,6.51,"Beta","ui","baja","success"
12.34,4.84,214,0,82.58,62.9,"Alpha","api","media","success"
8.25,13.85,226,0,84.83,18.54,"Beta","database","baja","success"
14.76,3.16,226,1,71.92,6.76,"Beta","ui","baja","success"
18.9,9.51,237,3,94.32,56.63,"Beta","api","media","success"
11.13,NA,212,1,93.97,5.35,"Alpha","api","baja","failed"
12.08,7.5,218,2,57.01,5.66,"Delta","auth","media","success"
14.87,8.05,224,2,67.5,4.63,"Gamma","api","baja","success"
8.27,2.55,247,1,65.1,19.38,"Beta","ui","baja","success"
9.45,4.02,235,2,48.53,131.54,"Alpha","ui","alta","success"
10.97,3.68,212,0,70.66,70.17,"Alpha","api","crítica","success"
9.02,2.37,218,0,82.05,10.36,"Alpha","api","media","success"
11.22,3.06,206,2,53.65,3.56,"Alpha","database","media","success"
19.73,5.05,213,0,98.05,10.22,"Beta","api","baja","success"
21.3,4.25,221,3,80.83,5.08,"Alpha","ui","alta","success"
17.59,3.05,195,0,92.65,99.03,"Gamma","auth","media","success"
10.41,11.21,191,1,81.74,2.24,"Beta","api","alta","success"
13.18,8.08,217,1,86.13,6.43,"Beta","payments","baja","success"
20.45,6.13,219,1,90.19,17.74,"Delta","api","baja","success"
7.96,3.66,218,2,91.11,41.78,"Beta","api","baja","success"
9.27,11.48,224,0,80.48,7.35,"Alpha","auth","baja","success"
5.47,7.09,251,1,92.79,56.51,"Gamma","auth","media","success"
13.27,10.11,221,1,68.37,31.18,"Gamma","auth","crítica","success"
18.97,5.93,218,1,82.34,18.44,"Delta","ui","alta","success"
9.85,5.51,238,1,57.75,8.07,"Delta","database","crítica","success"
14.72,6.08,199,1,80.32,20.26,"Gamma","ui","baja","success"
10.76,8.22,214,1,87.34,4.07,"Gamma","ui","baja","success"
9.05,2.32,221,2,92.62,3.51,"Gamma","payments","media","success"
5.53,2.89,230,1,72.1,0.51,"Beta","ui","media","success"
14.13,3.59,220,1,97.82,10.74,"Alpha","notifications","baja","rolled_back"
14.67,3.53,223,2,92.06,36.79,"Beta","notifications","baja","success"
12.59,NA,204,1,87.3,29.09,"Delta","ui","alta","failed"
12.08,6.28,211,NA,55.96,10.55,"Alpha","ui","baja","rolled_back"
11.58,11.85,202,1,82.55,11.33,"Alpha","ui","alta","rolled_back"
8.7,1.99,206,0,83.01,37.33,"Beta","database","media","success"
7.2,3.99,224,0,78.33,19.96,"Alpha","api","media","success"
13.88,3.73,217,1,75.78,11.29,"Gamma","ui","baja","success"
7.4,4.62,223,NA,70.14,NA,"Gamma","api","media","rolled_back"
23.1,7.84,247,0,57.49,7.42,"Beta","api","alta","success"
30.4,5.01,264,1,78.86,38.37,"Gamma","auth","alta","success"
9.82,2.32,210,2,84.65,4.05,"Alpha","auth","alta","success"
6.65,6.55,231,0,67.32,23.28,"Gamma","payments","baja","success"
8.26,4.89,239,1,76.48,43.22,"Gamma","payments","baja","success"
13.45,3.07,220,3,81.27,36.95,"Gamma","auth","baja","success"
12.35,4.67,195,3,95.09,17.73,"Delta","ui","media","success"
16.59,6.35,229,1,77.11,3.57,"Gamma","ui","media","success"
4.08,6.52,221,2,88.96,4.5,"Alpha","notifications","baja","success"
8.25,1.59,207,0,81.85,33.19,"Gamma","api","media","success"
16.26,3.94,241,4,77.89,16.82,"Beta","api","media","success"
16.03,2.53,229,0,52.23,47.22,"Beta","notifications","media","success"
8.44,6.31,217,1,61.26,2.37,"Beta","ui","baja","success"
4.99,3.87,232,1,72.18,1.67,"Delta","database","media","success"
20.12,5.47,213,1,69.19,85.27,"Alpha","auth","baja","success"
14.45,NA,200,0,75.87,6.61,"Gamma","api","baja","failed"
6.72,3.74,233,3,93.14,37.06,"Delta","auth","alta","success"
10.16,2.74,210,0,87.95,7.63,"Gamma","api","media","success"
